Location,Sample Name,Date,Ammonia_mgl_Q,Ammonia_mgl,N_mgl_Q,Nitrate_mgl,Perchlorate_ugl_Q,Perchlorate_ugl
MW-1,MW-1,6/16/2004,2.8,2.8,150,150,14400,14400
MW-1,MW-1,1/11/2005,2.5,2.5,0.23,0.23,<5.0  ,5
MW-1,MW-1,11/10/2005,3,3,0.033 B ,0.033,<10.0  ,10
MW-1,MW-1,6/13/2006,< NS ,  ,< NS ,  ,< NS ,  
MW-1,MW-1,6/20/2007,2.9,2.9,1.8,1.8,1040,1040
MW-1,MW-1,10/18/2007,3,3,65,65,11300,11300
MW-1,MW-1,2/6/2008,< NS ,  ,< NS ,  ,< NS ,  
MW-1,MW-1,4/8/2008,< NS ,  ,< NS ,  ,< NS ,  
MW-1R,MW-1R,6/18/2008,0.13 JB ,0.13,27 B ,27,9940,9940
MW-1R,MW-1R,10/9/2008,5.5,5.5,3.1,3.1,1640,1640
MW-1R,MW-1R,2/13/2009,<0.20  ,0.2,5.5,5.5,3400,3400
MW-1R,MW-1R,6/17/2009,<0.20  ,0.2,9.9,9.9,6870,6870
MW-1R,MW-1R,12/17/2009,8,8,4.7,4.7,1730,1730
MW-1R,MW-1R,6/17/2010,3.4,3.4,27,27,7180,7180
MW-1R,MW-1R,12/8/2010,0.85,0.85,47,47,15600,15600
MW-1R,MW-1R,6/15/2011,0.82,0.82,54,54,16400,16400
MW-1R,MW-1R,12/9/2011,0.44,0.44,47,47,12800,12800
MW-1R,MW-1R,6/14/2012,3.1,3.1,22,22,7540,7540
MW-1R,MW-1R,12/7/2012,7.4,7.4,4.4,4.4,2100,2100
MW-1R,MW-1R,6/14/2013,0.46,0.46,59,59,20000,20000
MW-1R,MW-1R,12/13/2013,8,8,2.4,2.4,1900,1900
MW-1R,MW-1R,6/20/2014,0.55,0.55,50,50,20000,20000
MW-1R,MW-1R,12/4/2014,0.12,0.12,44.4,44.4,29000,29000
MW-1R,MW-1R,6/5/2015,0.27,0.27,67.9,67.9,16000,16000
MW-1R,MW-1R-12102015,12/10/2015,<0.050  ,0.05,59.9 J ,59.9,17000,17000
MW-1R,MW-1R-06092016,6/9/2016,0.41 J ,0.41,81.1,81.1,27000,27000
MW-1R,MW1R-12152016-1226,12/15/2016,0.042 J ,0.042,45.7 J ,45.7,12000,12000
MW-1R,MW-1R-12152017,12/15/2017,0.029 J ,0.029,73.9,73.9,13000 J ,13000
MW-1R2,MW-1R2-121020,12/10/2020,130,130,1080,1080,202000,202000
MW-1R2,MW-1R2-120921,12/9/2021,7.2,7.2,4.10 J ,4.1,3040,3040
MW-1R2,MW-1R2-120822,12/8/2022,--,,--,,44200,44200
MW-1R2,MW-IR2-120822,12/8/2022,4.5,4.5,235,235,--,
MW-1R2,MW-1R2-12082023,12/8/2023,160 J- ,160,362,362,55400,55400
MW-1R2,MW-1R2-12042024,12/4/2024,26.1,26.1,807,807,120000,120000
MW-2,MW-2,6/16/2004,0.66,0.66,1.5,1.5,248,248
MW-2,MW-2,1/11/2005,0.14 B ,0.14,1.3,1.3,111,111
MW-2,MW-2,11/8/2005,<0.20  ,0.2,3.9,3.9,429,429
MW-2,MW-2,6/14/2006,0.18 B ,0.18,2,2,<10.0  ,10
MW-2,MW-2,6/14/2007,<0.20  ,0.2,2.9,2.9,208,208
MW-2,MW-2,10/12/2007,<0.20  ,0.2,3.3,3.3,186,186
MW-2,MW-2,2/6/2008,<0.20  ,0.2,3.1,3.1,194,194
MW-2,MW-2,6/12/2008,0.051 J ,0.051,2.2 B ,2.2,101,101
MW-2,MW-2,6/18/2008,0.24 B ,0.24,2.2 B ,2.2,140,140
MW-2,MW-2,10/8/2008,<0.20  ,0.2,3.2,3.2,237,237
MW-2,MW-2,2/11/2009,<0.20  ,0.2,2.5,2.5,116,116
MW-2,MW-2,6/17/2009,<0.20  ,0.2,2.3,2.3,110,110
MW-3,MW-3,6/15/2004,4.8,4.8,0.61,0.61,<5.0  ,5
MW-3,MW-3,1/10/2005,2.3,2.3,1.3,1.3,<1.0  ,1
MW-3,MW-3,6/13/2006,< NS ,  ,< NS ,  ,< NS ,  
MW-3,MW-3,6/15/2007,0.092 J ,0.092,3.2,3.2,<4  ,4
MW-3,MW-3,10/12/2007,0.16,0.16,1.9,1.9,<20.0  ,20
MW-4,MW-4,6/16/2004,0.69,0.69,790,790,150000,150000
MW-4,MW-4,1/11/2005,1.8,1.8,1500,1500,120000,120000
MW-4,MW-4,11/9/2005,3.5,3.5,510,510,114000,114000
MW-4,MW-4,6/13/2006,< NS ,  ,< NS ,  ,< NS ,  
MW-4,MW-4,6/20/2007,1.7,1.7,1500,1500,123000,123000
MW-4,MW-4,10/19/2007,2.4,2.4,3200,3200,170000,170000
MW-4,MW-4,2/7/2008,3.5,3.5,2200,2200,168000,168000
MW-4,MW-4,6/19/2008,0.11 JB ,0.11,1100 B ,1100,148000,148000
MW-4,MW-4,10/9/2008,3.1,3.1,1700,1700,165000,165000
MW-4,MW-4,2/13/2009,<0.20  ,0.2,1900,1900,144000,144000
MW-4,MW-4,6/18/2009,<0.20  ,0.2,2100,2100,161000,161000
MW-4,MW-4,12/15/2009,6.7,6.7,1900,1900,150000,150000
MW-4,MW-4,6/17/2010,8.8,8.8,2200,2200,158000,158000
MW-4,MW-4,12/8/2010,9.8,9.8,1600,1600,163000,163000
MW-4,MW-4,6/17/2011,9.7,9.7,1600,1600,164000,164000
MW-4,MW-4,12/9/2011,13,13,1600,1600,127000,127000
MW-4,MW-4,6/14/2012,13,13,1700,1700,132000,132000
MW-4,MW-4,12/7/2012,13,13,1600,1600,130000,130000
MW-4,MW-4,6/14/2013,14,14,1600,1600,170000,170000
MW-4,MW-4,12/13/2013,17,17,1300,1300,150000,150000
MW-4,MW-4,6/20/2014,16,16,1400,1400,260000,260000
MW-4,MW-4,12/4/2014,7,7,1810,1810,120000,120000
MW-4,MW-4,6/5/2015,4.6,4.6,1510,1510,120000,120000
MW-4,MW-4-12102015,12/10/2015,4,4,1530 J ,1530,120000,120000
MW-4,MW-4-06092016,6/9/2016,8.9,8.9,1480,1480,150000,150000
MW-4,MW4-12152016-1409,12/15/2016,8.3,8.3,1230,1230,130000,130000
MW-4,MW-4-06082017,6/8/2017,8,8,1130,1130,120000,120000
MW-4,MW-4-12152017,12/15/2017,4.6,4.6,1290,1290,93000 J ,93000
MW-4,MW-4-12072018,12/7/2018,25,25,1050,1050,100000 J ,100000
MW-4,MW-4-12132019,12/13/2019,7.7,7.7,990,990,110000,110000
MW-4,MW-4-121020,12/10/2020,12 J ,12,981,981,81000,81000
MW-4,MW-4-120921,12/9/2021,9.2,9.2,887,887,116000,116000
MW-4,MW-4-120822,12/8/2022,3.9,3.9,871,871,70500,70500
MW-4,MW-4-12082023,12/8/2023,17.6 J ,17.6,899,899,66700,66700
MW-4,MW-4-12042024,12/4/2024,6.26,6.26,991,991,73000,73000
MW-5,MW-5,6/15/2004,0.29,0.29,0.95,0.95,<2.0  ,2
MW-5,MW-5,1/10/2005,0.27,0.27,0.71,0.71,<1.0  ,1
MW-5,MW-5,11/8/2005,<0.20  ,0.2,0.8,0.8,<2.0  ,2
MW-5,MW-5,6/14/2006,<2.0  ,2,0.93,0.93,<2.0  ,2
MW-5,MW-5,6/14/2007,<0.20  ,0.2,1,1,<4.0  ,4
MW-5,MW-5,10/10/2007,<0.20  ,0.2,1.4,1.4,<4.0  ,4
MW-5,MW-5,2/5/2008,0.17 J ,0.17,0.65 J ,0.65,<4.0  ,4
MW-5,MW-5,6/11/2008,<0.20  ,0.2,0.94 B ,0.94,<4.0  ,4
MW-5,MW-5,10/7/2008,<0.20  ,0.2,1.1,1.1,<8.0  ,8
MW-5,MW-5,2/11/2009,<0.20  ,0.2,0.41,0.41,<8.0  ,8
MW-5,MW-5,6/16/2009,<0.20  ,0.2,0.76,0.76,<4.0  ,4
MW-5,MW-5,12/15/2009,<0.20  ,0.2,0.92,0.92,<4.0  ,4
MW-5,MW-5,6/16/2010,<0.20  ,0.2,1.3,1.3,<4.0  ,4
MW-5,MW-5,12/7/2010,<0.20  ,0.2,1.2,1.2,<8.0  ,8
MW-5,MW-5,6/14/2011,<0.20  ,0.2,0.64,0.64,<4.0  ,4
MW-5,MW-5,12/8/2011,<0.20  ,0.2,0.68,0.68,<4.0  ,4
MW-5,MW-5,6/12/2012,<0.20  ,0.2,0.26,0.26,<4.0  ,4
MW-5,MW-5,12/5/2012,0.4,0.4,<0.20  ,0.2,<40  ,40
MW-5,MW-5,6/12/2013,<0.10  ,0.1,0.15,0.15,<0.50  ,0.5
MW-5,MW-5,12/11/2013,<0.10  ,0.1,0.34,0.34,<0.50  ,0.5
MW-5,MW-5,6/17/2014,0.46,0.46,<0.10  ,0.1,<0.50  ,0.5
MW-5,MW-5,12/2/2014,0.4,0.4,0.122,0.122,<0.20  ,0.2
MW-5,MW-5,6/4/2015,0.19,0.19,0.129,0.129,0.47,0.47
MW-5,MW-5 re-sampled,8/13/2015,0.15,0.15,<0.03  ,0.03,<0.20  ,0.2
MW-5,MW-5-12092015,12/9/2015,0.046 J ,0.046,0.369,0.369,<0.06  ,0.06
MW-5,MW-5-06072016,6/7/2016,0.20 J ,0.2,0.317,0.317,<40  ,40
MW-5,MW5-12142016-0915,12/14/2016,0.085,0.085,0.22,0.22,<0.20  ,0.2
MW-5,MW-5-06072017,6/7/2017,0.65,0.65,<0.100  ,0.1,<0.20  ,0.2
MW-5,MW-5-12142017,12/14/2017,0.09,0.09,0.88,0.88,<0.20  ,0.2
MW-5,MW-5-12062018,12/6/2018,0.09,0.09,0.63,0.63,<0.20  ,0.2
MW-5,MW-5-12112019,12/11/2019,0.077,0.077,<0.100  ,0.1,<0.20  ,0.2
MW-5D,MW-5D,10/11/2007,0.4,0.4,1,1,<4.0  ,4
MW-5D,MW-5D,2/5/2008,<0.20  ,0.2,0.58 J ,0.58,<4.0  ,4
MW-5D,MW-5D,6/12/2008,<0.20  ,0.2,0.23 B ,0.23,<4.0  ,4
MW-5D,MW-5D,10/7/2008,<0.20  ,0.2,11,11,<4.0  ,4
MW-5D,MW-5D,2/11/2009,<0.20  ,0.2,0.26,0.26,<8.0  ,8
MW-5D,MW-5D,6/16/2009,<0.20  ,0.2,0.51,0.51,<4.0  ,4
MW-5D,MW-5D,11/11/2013,< ABANDONED ,,< ABANDONED ,,< ABANDONED ,
MW-05R,MW-5R-120920,12/9/2020,0.054,0.054,0.274,0.274,<0.500  ,0.5
MW-05R,MW-5R-120821,12/8/2021,0.026 J ,0.026,0.678,0.678,<0.100  ,0.1
MW-05R,MW-5R-120722,12/7/2022,0.092,0.092,7.29,7.29,0.123,0.123
MW-05R,MW-5R-12062023,12/6/2023,<0.200  ,0.2,8.48,8.48,0.0658 J ,0.0658
MW-05R,MW-5R-12032024,12/3/2024,0.115 J ,0.115,0.454,0.454,0.55,0.55
MW-5S,MW-5S,10/11/2007,<0.20  ,0.2,8.5,8.5,<4.0  ,4
MW-5S,MW-5S,2/5/2008,<0.20  ,0.2,12,12,<4.0  ,4
MW-5S,MW-5S,6/12/2008,<0.20  ,0.2,9.6,9.6,<4.0  ,4
MW-5S,MW-5S,10/7/2008,<0.20  ,0.2,11,11,<8.0  ,8
MW-5S,MW-5S,2/11/2009,<0.20  ,0.2,11,11,<8.0  ,8
MW-5S,MW-5S,6/16/2009,<0.20  ,0.2,9.7,9.7,<8.0  ,8
MW-5S,MW-5S,11/11/2013,< ABANDONED ,,< ABANDONED ,,< ABANDONED ,
MW-6,MW-6,6/15/2004,0.33,0.33,1,1,231,231
MW-6,MW-6,1/10/2005,0.27,0.27,8.4,8.4,1330,1330
MW-6,MW-6,11/8/2005,0.13 B ,0.13,7.8,7.8,766,766
MW-6,MW-6,6/13/2006,< NS ,  ,< NS ,  ,< NS ,  
MW-6,MW-6,6/14/2007,<0.20  ,0.2,22,22,4750,4750
MW-6,MW-6,10/18/2007,<0.20  ,0.2,20,20,2640,2640
MW-6,MW-6,2/6/2008,<0.20  ,0.2,20,20,2240,2240
MW-6,MW-6,6/12/2008,0.071 J ,0.071,19,19,2770,2770
MW-6,MW-6,10/8/2008,<0.20  ,0.2,20,20,676,676
MW-6,MW-6,2/11/2009,0.27,0.27,20,20,2170,2170
MW-6,MW-6,6/16/2009,<0.20  ,0.2,19,19,1760,1760
MW-6,MW-6,12/15/2009,<0.20  ,0.2,21,21,3540,3540
MW-6,MW-6,6/16/2010,<0.20  ,0.2,23,23,1120,1120
MW-6,MW-6,12/8/2010,<0.20  ,0.2,19,19,613,613
MW-6,MW-6,6/15/2011,<0.20  ,0.2,18,18,1120,1120
MW-6,MW-6,12/8/2011,<0.20  ,0.2,18,18,2400,2400
MW-6,MW-6,6/13/2012,<0.20  ,0.2,20,20,972,972
MW-6,MW-6,12/6/2012,<0.20  ,0.2,23,23,1200,1200
MW-6,MW-6,12/13/2013,<0.10  ,0.1,16,16,4200,4200
MW-6,MW-6,6/20/2014,<0.25  ,0.25,17,17,1500,1500
MW-6,MW-6,12/4/2014,0.12,0.12,20.9,20.9,880,880
MW-6,MW-6,6/5/2015,0.035 J ,0.035,20.8,20.8,1500,1500
MW-6,MW-6-12102015,12/10/2015,0.036 J ,0.036,19.2,19.2,850,850
MW-6,MW-6-06082016,6/8/2016,0.15,0.15,18.4,18.4,1600,1600
MW-6,MW6-12152016-1013,12/15/2016,0.049 J ,0.049,18.1,18.1,1200,1200
MW-6,MW-6-06082017,6/8/2017,0.071,0.071,18.5,18.5,1600,1600
MW-6,MW-6-12142017,12/14/2017,0.058,0.058,18.1,18.1,800 J ,800
MW-6,MW-6-12062018,12/6/2018,0.034 J ,0.034,18.3,18.3,840 J ,840
MW-6,MW-6-12132019,12/13/2019,0.081,0.081,17.8,17.8,1200,1200
MW-6,MW-6-120920,12/9/2020,<0.050  ,0.05,17.9,17.9,510,510
MW-6,MW-6-120921,12/9/2021,0.033 J ,0.033,17.1,17.1,708,708
MW-6,MW-6-120722,12/7/2022,0.075,0.075,12.3,12.3,438,438
MW-6,MW-6-12082023,12/8/2023,<0.200 J ,0.2,<0.500  ,0.5,354,354
MW-6,MW-6-12032024,12/3/2024,<0.200  ,0.2,7.65,7.65,280,280
MW-7,MW-7,6/16/2004,1.2,1.2,0.43,0.43,<2.0  ,2
MW-7,MW-7,1/11/2005,1.4,1.4,<0.10  ,0.1,<1.0  ,1
MW-7,MW-7,12/6/2005,1.2,1.2,0.034 B ,0.034,8.8,8.8
MW-7,MW-7,6/13/2006,< NS ,  ,< NS ,  ,< NS ,  
MW-7,MW-7,6/14/2007,0.48,0.48,0.78,0.78,12.4,12.4
MW-7,MW-7,10/18/2007,0.68,0.68,1.3,1.3,25.5,25.5
MW-7,MW-7,2/6/2008,0.77,0.77,0.84 J ,0.84,14.5,14.5
MW-7,MW-7,6/12/2008,0.72,0.72,0.47 B ,0.47,10,10
MW-7,MW-7,10/8/2008,<0.20  ,0.2,1.5,1.5,23.5,23.5
MW-7,MW-7,2/12/2009,<0.20  ,0.2,0.27,0.27,<8.0  ,8
MW-7,MW-7,6/17/2009,<0.20  ,0.2,0.92,0.92,21.8,21.8
MW-8,MW-8,6/16/2004,0.21,0.21,28,28,4300,4300
MW-8,MW-8,1/11/2005,0.26,0.26,13,13,3690,3690
MW-8,MW-8,11/8/2005,<0.20  ,0.2,21,21,2600,2600
MW-8,MW-8,6/13/2006,< NS ,  ,< NS ,  ,< NS ,  
MW-8,MW-8,6/19/2007,0.22,0.22,23,23,2560,2560
MW-8,MW-8,10/18/2007,<0.20  ,0.2,38,38,2800,2800
MW-8,MW-8,2/6/2008,<0.20  ,0.2,14,14,2910,2910
MW-8,MW-8,6/18/2008,0.28 B ,0.28,12 B ,12,2490,2490
MW-8,MW-8,10/8/2008,<0.20  ,0.2,11,11,2690,2690
MW-8,MW-8,2/11/2009,<0.20  ,0.2,6.7,6.7,1790,1790
MW-8,MW-8,6/17/2009,<0.20  ,0.2,5.3,5.3,1730,1730
MW-8,MW-8,12/15/2009,<0.20  ,0.2,6,6,1610,1610
MW-8,MW-8,6/16/2010,<0.20  ,0.2,6.3,6.3,1860,1860
MW-8,MW-8,12/8/2010,<0.20  ,0.2,5.9,5.9,1710,1710
MW-8,MW-8,6/16/2011,<0.20  ,0.2,5.5,5.5,1720,1720
MW-8,MW-8,12/8/2011,<0.20  ,0.2,7.2,7.2,1850,1850
MW-8,MW-8,6/13/2012,<0.20  ,0.2,5.3,5.3,1820,1820
MW-8,MW-8,12/6/2012,<0.20  ,0.2,23,23,1500,1500
MW-8,MW-8,6/14/2013,<0.10  ,0.1,3.1,3.1,1200,1200
MW-8,MW-8,12/13/2013,<0.10  ,0.1,3.9,3.9,1300,1300
MW-8,MW-8,6/20/2014,<0.25  ,0.25,2.4,2.4,730,730
MW-8,MW-8,12/4/2014,0.07,0.07,3.18,3.18,520,520
MW-8,MW-8,6/5/2015,0.12,0.12,1.94,1.94,360,360
MW-8,MW-8-12102015,12/10/2015,0.033 J ,0.033,2.53,2.53,470,470
MW-8,MW-8-06082016,6/8/2016,0.1,0.1,3.29,3.29,550,550
MW-8,MW8-12152016-1043,12/15/2016,0.035 J ,0.035,2.21,2.21,540,540
MW-8,MW-8-06082017,6/8/2017,0.15,0.15,<0.100  ,0.1,370,370
MW-8,MW-8-12142017,12/14/2017,0.067,0.067,16.8,16.8,970 J ,970
MW-8,MW-8-12062018,12/6/2018,<0.050  ,0.05,3.99,3.99,440,440
MW-8,MW-8-12132019,12/13/2019,<0.050  ,0.05,3.05,3.05,360,360
MW-8,MW-8-120920,12/9/2020,0.099,0.099,9.6,9.6,312,312
MW-8,MW-8-120921,12/9/2021,0.026 J ,0.026,14.2,14.2,701,701
MW-8,MW-8-120722,12/7/2022,0.08,0.08,120,120,755,755
MW-8,MW-8-12082023,12/8/2023,<0.200 J ,0.2,249,249,1020,1020
MW-8,MW-8-12042024,12/4/2024,<0.200  ,0.2,53,53,300,300
MW-9,MW-9,6/16/2004,7.8,7.8,390,390,61200,61200
MW-9,MW-9,1/11/2005,11,11,650,650,41400,41400
MW-9,MW-9,11/10/2005,9,9,340,340,46700,46700
MW-9,MW-9,6/13/2006,< NS ,  ,< NS ,  ,< NS ,  
MW-9,MW-9,6/19/2007,10,10,340,340,49800,49800
MW-9,MW-9,10/18/2007,30,30,140,140,2840,2840
MW-9,MW-9,2/7/2008,11,11,390,390,52800,52800
MW-9,MW-9,6/18/2008,0.11 JB ,0.11,340 B ,340,51500,51500
MW-9,MW-9,10/8/2008,7.4,7.4,360,360,47800,47800
MW-9,MW-9,2/13/2009,<0.20  ,0.2,450,450,40300,40300
MW-9,MW-9,6/17/2009,<0.20  ,0.2,340,340,55800,55800
MW-9,MW-9,11/11/2013,< ABANDONED ,,< ABANDONED ,,< ABANDONED ,
MW-10,MW-10,6/16/2004,18,18,900,900,34600,34600
MW-10,MW-10,1/11/2005,170,170,2600,2600,176000,176000
MW-10,MW-10,11/9/2005,0.47,0.47,830,830,31600,31600
MW-10,MW-10,6/13/2006,< NS ,  ,< NS ,  ,< NS ,  
MW-10,MW-10,6/20/2007,0.39,0.39,890,890,28400,28400
MW-10,MW-10,10/19/2007,180,180,5900,5900,204000,204000
MW-10,MW-10,2/7/2008,10,10,2100,2100,65600,65600
MW-10,MW-10,6/18/2008,0.15 JB ,0.15,1200 B ,1200,35800,35800
MW-10,MW-10,10/9/2008,2.3,2.3,1300,1300,44500,44500
MW-10,MW-10,2/13/2009,<0.20  ,0.2,3400,3400,152000,152000
MW-10,MW-10,6/17/2009,<0.20  ,0.2,1700,1700,52800,52800
MW-10,MW-10,12/16/2009,5.5,5.5,2100,2100,63200,63200
MW-10,MW-10,6/17/2010,7.4,7.4,660,660,30600,30600
MW-10,MW-10,12/8/2010,3.8,3.8,1300,1300,57800,57800
MW-10,MW-10,6/16/2011,7.8,7.8,1300,1300,11200,11200
MW-10,MW-10,12/9/2011,4.6,4.6,1600,1600,57700,57700
MW-10,MW-10,6/14/2012,4.5,4.5,2000,2000,62900,62900
MW-10,MW-10,12/7/2012,210,210,3400,3400,190000,190000
MW-10,MW-10,6/14/2013,16,16,2100,2100,100000,100000
MW-10,MW-10,12/12/2013,310,310,4000,4000,230000,230000
MW-10,MW-10,6/20/2014,160,160,1900,1900,140000,140000
MW-10,MW-10,12/4/2014,5.9,5.9,3060,3060,90000,90000
MW-10,MW-10,6/5/2015,5.2,5.2,2490,2490,89000,89000
MW-10,MW-10-12102015,12/10/2015,3.4,3.4,2640 J ,2640,100000,100000
MW-10,MW-10-06092016,6/9/2016,7.4,7.4,2360,2360,62000,62000
MW-10,MW10-12152016-1340,12/15/2016,0.096,0.096,279 J ,279,15000,15000
MW-10,MW-10-06082017,6/8/2017,0.41,0.41,51,51,2400,2400
MW-10,MW-10-12152017,12/15/2017,0.033 J ,0.033,2140,2140,68000 J ,68000
MW-10,MW-10-12072018,12/7/2018,37,37,1780,1780,77000,77000
MW-10,MW-10-12132019,12/13/2019,0.031 J ,0.031,349,349,16000,16000
MW-10D,MW-10D,10/19/2007,75,75,3100,3100,108000,108000
MW-10D,MW-10D,2/7/2008,55,55,3300,3300,110000,110000
MW-10D,MW-10D,6/18/2008,0.16 JB ,0.16,3000 B ,3000,106000,106000
MW-10D,MW-10D,10/9/2008,60,60,2500,2500,94000,94000
MW-10D,MW-10D,2/13/2009,<0.20  ,0.2,2700,2700,100000,100000
MW-10D,MW-10D,6/17/2009,0.22,0.22,2800,2800,126000,126000
MW-10D,MW-10D,11/11/2013,< ABANDONED ,,< ABANDONED ,,< ABANDONED ,
MW-10R,MW-10R-121020,12/10/2020,160,160,3620,3620,224000,224000
MW-10R,MW-10R-120921,12/9/2021,130,130,3050,3050,336000,336000
MW-10R,MW-10R-120822,12/8/2022,0.031 J ,0.031,3410,3410,178000,178000
MW-10R,MW-10R-12082023,12/8/2023,296 J- ,296,990 J- ,990,61500,61500
MW-10R,MW-10R-12042024,12/4/2024,24.7,24.7,2670,2670,100000,100000
MW-10S,MW-10S,10/19/2007,84,84,4300,4300,81600,81600
MW-10S,MW-10S,2/7/2008,190,190,4700,4700,114000,114000
MW-10S,MW-10S,6/18/2008,0.23 B ,0.23,2900 B ,2900,84700,84700
MW-10S,MW-10S,10/9/2008,280,280,3000,3000,84400,84400
MW-10S,MW-10S,2/13/2009,1.4,1.4,4000,4000,114000,114000
MW-10S,MW-10S,6/17/2009,0.32,0.32,3700,3700,120000,120000
MW-10S,MW-10S,11/11/2013,< ABANDONED ,,< ABANDONED ,,< ABANDONED ,
MW-11,MW-11,6/16/2004,25,25,47,47,6460,6460
MW-11,MW-11,1/11/2005,2.7,2.7,10,10,4360,4360
MW-11,MW-11,11/10/2005,43,43,79,79,14500,14500
MW-11,MW-11,6/14/2006,29,29,35,35,11600,11600
MW-11,MW-11,6/19/2007,21,21,16,16,4900,4900
MW-11,MW-11,10/19/2007,59,59,99,99,30600,30600
MW-11,MW-11,2/6/2008,16,16,13,13,3800,3800
MW-11,MW-11,6/19/2008,0.083 JB ,0.083,5.7 B ,5.7,1490,1490
MW-11,MW-11,10/8/2008,18,18,11,11,2990,2990
MW-11,MW-11,2/11/2009,<0.20  ,0.2,4.6,4.6,1140,1140
MW-11,MW-11,6/17/2009,<0.20  ,0.2,5.5,5.5,1410,1410
MW-12,MW-12,6/16/2004,<0.20  ,0.2,26,26,268,268
MW-12,MW-12,1/11/2005,<0.20  ,0.2,31,31,313,313
MW-12,MW-12,11/10/2005,<0.20  ,0.2,37,37,160,160
MW-12,MW-12,6/13/2006,<0.20  ,0.2,84,84,585,585
MW-12,MW-12,6/20/2007,0.15 J ,0.15,58,58,517,517
MW-12,MW-12,10/12/2007,<0.20  ,0.2,62,62,654,654
MW-12,MW-12,2/6/2008,<0.20  ,0.2,55,55,581,581
MW-12,MW-12,6/18/2008,0.15 JB ,0.15,40 B ,40,433,433
MW-12,MW-12,10/9/2008,<0.20  ,0.2,42,42,347,347
MW-12,MW-12,2/11/2009,<0.20  ,0.2,40,40,348,348
MW-12,MW-12,6/17/2009,<0.20  ,0.2,13,13,139,139
MW-12,MW-12,12/15/2009,<0.20  ,0.2,29,29,302,302
MW-12,MW-12,6/16/2010,<0.20  ,0.2,6.5,6.5,57,57
MW-12,MW-12,12/8/2010,<0.20  ,0.2,12,12,500,500
MW-12,MW-12,6/14/2011,0.23,0.23,19,19,241,241
MW-12,MW-12,12/9/2011,<0.20  ,0.2,50,50,1220,1220
MW-12,MW-12,6/13/2012,<0.20  ,0.2,48,48,814,814
MW-12,MW-12,12/6/2012,<0.20  ,0.2,69,69,2300,2300
MW-12,MW-12,6/13/2013,<0.10  ,0.1,1.5,1.5,490,490
MW-12,MW-12,12/13/2013,<0.10  ,0.1,40,40,1000,1000
MW-12,MW-12,6/20/2014,<0.25  ,0.25,31,31,610,610
MW-12,MW-12,12/4/2014,0.053,0.053,41.2,41.2,780,780
MW-12,MW-12,6/5/2015,0.037 J ,0.037,32,32,340,340
MW-12,MW-12-12102015,12/10/2015,0.034 J ,0.034,52.2 J ,52.2,2200,2200
MW-12,MW-12-06082016,6/8/2016,0.099,0.099,15.9,15.9,410,410
MW-12,MW12-12152016-1107,12/15/2016,0.039 J ,0.039,30.8,30.8,1100,1100
MW-12,MW-12-06082017,6/8/2017,0.1,0.1,15.8,15.8,410 J ,410
MW-12,MW-12-12142017,12/14/2017,0.07,0.07,306 J ,306,6300 J ,6300
MW-12,MW-12-12062018,12/6/2018,<0.050  ,0.05,29.8,29.8,1200,1200
MW-12,MW-12-12132019,12/13/2019,<0.050  ,0.05,11.6,11.6,340,340
MW-12,MW-12-121020,12/10/2020,<0.050  ,0.05,498,498,23400,23400
MW-12,MW-12-120921,12/9/2021,0.026 J ,0.026,664,664,43800,43800
MW-12,MW-12-120722,12/7/2022,0.081,0.081,999,999,46900,46900
MW-12,MW-12-12082023,12/8/2023,<0.200 J ,0.2,1080 J- ,1080,53100,53100
MW-12,MW-12-12042024,12/4/2024,<0.200  ,0.2,862,862,41000,41000
MW-13,MW-13,6/16/2004,4.7,4.7,110,110,23600,23600
MW-13,MW-13,1/11/2005,1.8,1.8,290,290,71000,71000
MW-13,MW-13,11/9/2005,1.8,1.8,240,240,55000,55000
MW-13,MW-13,6/13/2006,< NS ,  ,< NS ,  ,< NS ,  
MW-13,MW-13,6/19/2007,3.2,3.2,290,290,79300,79300
MW-13,MW-13,10/12/2007,3.3,3.3,290,290,77100,77100
MW-13,MW-13,2/7/2008,6.4,6.4,340,340,77300,77300
MW-13,MW-13,6/12/2008,4.2,4.2,790,790,85900,85900
MW-13,MW-13,10/8/2008,4,4,200,200,46100,46100
MW-13,MW-13,2/12/2009,0.23,0.23,380,380,72300,72300
MW-13,MW-13,6/17/2009,<0.20  ,0.2,430,430,93100,93100
MW-14,MW-14,6/16/2004,0.49,0.49,2.3,2.3,20,20
MW-14,MW-14,1/11/2005,<0.20  ,0.2,1.2,1.2,<1.0  ,1
MW-14,MW-14,6/13/2006,< NS ,  ,< NS ,  ,< NS ,  
MW-14,MW-14,6/14/2007,3.7,3.7,<0.10  ,0.1,<20  ,20
MW-14,MW-14,10/11/2007,2.5,2.5,<1.0  ,1,<12.0  ,12
MW-15,MW-15,6/29/2005,0.87,0.87,3.8,3.8,<10.0  ,10
MW-15,MW-15,11/10/2005,0.16 B ,0.16,64,64,<10.0  ,10
MW-15,MW-15,6/13/2006,< NS ,  ,< NS ,  ,< NS ,  
MW-15,MW-15,6/19/2007,0.11 J ,0.11,100,100,<20  ,20
MW-15,MW-15,10/11/2007,0.079 J ,0.079,100,100,<20.0  ,20
MW-16,MW-16,6/29/2005,0.22,0.22,33,33,<10.0  ,10
MW-16,MW-16,11/10/2005,<0.20  ,0.2,14,14,<5.0  ,5
MW-16,MW-16,6/13/2006,< NS ,  ,< NS ,  ,< NS ,  
MW-16,MW-16,6/19/2007,0.081,0.081,21,21,<4  ,4
MW-16,MW-16,10/11/2007,0.21,0.21,16,16,<4.0  ,4
MW-17,MW-17,6/29/2005,<0.20  ,0.2,5.1,5.1,339,339
MW-17,MW-17,11/10/2005,<0.20  ,0.2,5.2,5.2,291,291
MW-17,MW-17,6/13/2006,<0.20  ,0.2,4.3,4.3,239,239
MW-17,MW-17,6/15/2007,<0.20  ,0.2,4.9,4.9,233,233
MW-17,MW-17,10/11/2007,<0.20  ,0.2,4.3,4.3,301,301
MW-17,MW-17,2/6/2008,<0.20  ,0.2,4.1,4.1,248,248
MW-17,MW-17,6/12/2008,<0.20  ,0.2,4.5 B ,4.5,283,283
MW-17,MW-17,10/8/2008,<0.20  ,0.2,5.2,5.2,329,329
MW-17,MW-17,2/12/2009,<0.20  ,0.2,4.7,4.7,241,241
MW-17,MW-17,6/18/2009,<0.20  ,0.2,4.1,4.1,240,240
MW-17,MW-17,12/16/2009,<0.20  ,0.2,4.2,4.2,185,185
MW-17,MW-17,6/16/2010,<0.20  ,0.2,3.9,3.9,135,135
MW-17,MW-17,12/8/2010,<0.20  ,0.2,3,3,116,116
MW-17,MW-17,6/14/2011,<0.20  ,0.2,2.5,2.5,83.8,83.8
MW-17,MW-17,12/7/2011,<0.20  ,0.2,3.1,3.1,63,63
MW-17,MW-17,6/13/2012,<0.20  ,0.2,3,3,71.6,71.6
MW-17,MW-17,12/6/2012,<0.20  ,0.2,3,3,62,62
MW-17,MW-17,6/12/2013,<0.10  ,0.1,2.7,2.7,66,66
MW-17,MW-17,12/12/2013,<0.10  ,0.1,1.6,1.6,72,72
MW-17,MW-17,6/17/2014,<0.25  ,0.25,1.4,1.4,56,56
MW-17,MW-17,12/3/2014,0.046 J ,0.046,1.7,1.7,28,28
MW-17,MW-17,6/3/2015,0.043 J ,0.043,2.44,2.44,29,29
MW-17,MW-17-12092015,12/9/2015,0.16 J ,0.16,2.48,2.48,23,23
MW-17,MW-17-06082016,6/8/2016,0.085,0.085,2.99,2.99,21,21
MW-17,MW17-12142016-1437,12/14/2016,0.032 J ,0.032,2.96,2.96,15,15
MW-17,MW-17-06072017,6/7/2017,0.11,0.11,4.14,4.14,15,15
MW-17,MW-17-12142017,12/14/2017,0.056,0.056,5.77,5.77,19 J ,19
MW-17,MW-17-12052018,12/5/2018,0.052,0.052,1.25,1.25,2.1,2.1
MW-17,MW-17-12122019,12/12/2019,0.031 J ,0.031,5.61,5.61,7.4,7.4
MW-17,MW-17-120920,12/9/2020,<0.050  ,0.05,5.58,5.58,1.51,1.51
MW-17,MW-17-120821,12/8/2021,<0.050  ,0.05,4.08,4.08,14.6 J ,14.6
MW-17,MW-17-120722,12/7/2022,0.088 J ,0.088,1.41,1.41,2.98,2.98
MW-17,MW-17-12062023,12/6/2023,<2.00  ,2,1.27,1.27,7.33,7.33
MW-17,MW-17-12032024,12/3/2024,<0.200  ,0.2,0.0807 J ,0.0807,6.9,6.9
MW-18,MW-18,3/3/2005,6.1,6.1,0.6,0.6,97.5,97.5
MW-18,MW-18,11/9/2005,0.4,0.4,0.046 B ,0.046,<5.0  ,5
MW-18,MW-18,6/13/2006,< NS ,  ,< NS ,  ,< NS ,  
MW-18,MW-18,6/15/2007,<0.020  ,0.02,0.88,0.88,<4  ,4
MW-18,MW-18,10/12/2007,<0.20  ,0.2,1.6,1.6,4.1,4.1
MW-19,MW-19,3/3/2005,1.2,1.2,0.2,0.2,99.7,99.7
MW-19,MW-19,11/9/2005,31,31,25,25,4060,4060
MW-19,MW-19,6/13/2006,< NS ,  ,< NS ,  ,< NS ,  
MW-19,MW-19,6/15/2007,8.9,8.9,2.4,2.4,363,363
MW-19,MW-19,10/12/2007,36,36,75,75,13400,13400
MW-19,MW-19,2/7/2008,7.4,7.4,2.8,2.8,549,549
MW-19,MW-19,6/12/2008,1.9,1.9,0.70 B ,0.7,132,132
MW-19,MW-19,10/8/2008,14,14,15,15,2360,2360
MW-19,MW-19,2/12/2009,0.68,0.68,0.72,0.72,116,116
MW-19,MW-19,6/17/2009,<0.20  ,0.2,2,2,373,373
MW-19,MW-19,12/15/2009,5.7,5.7,2.2,2.2,346,346
MW-19,MW-19,6/16/2010,2.7,2.7,0.17,0.17,<4.0  ,4
MW-19,MW-19,12/8/2010,12,12,3.2,3.2,1630,1630
MW-19,MW-19,6/16/2011,3.6,3.6,0.26,0.26,4.5,4.5
MW-19,MW-19,12/8/2011,28,28,110,110,24000,24000
MW-19,MW-19,6/13/2012,16,16,8.5,8.5,1980,1980
MW-19,MW-19,12/6/2012,18,18,39,39,8500,8500
MW-19,MW-19,6/14/2013,2.4,2.4,<0.10  ,0.1,56,56
MW-19,MW-19,12/13/2013,3.7,3.7,<0.10  ,0.1,21,21
MW-19,MW-19,6/19/2014,3,3,<0.10  ,0.1,110,110
MW-19,MW-19,12/4/2014,1.3,1.3,0.208,0.208,9.9,9.9
MW-19,MW-19,6/4/2015,0.7,0.7,0.134,0.134,0.18 J ,0.18
MW-19,MW-19-12092015,12/9/2015,0.78 J ,0.78,2.64,2.64,690,690
MW-19,MW-19-06092016,6/9/2016,2.1,2.1,<0.100  ,0.1,3.5,3.5
MW-19,MW19-12152016-1152,12/15/2016,2.1,2.1,2.57,2.57,450,450
MW-19,MW-19-06082017,6/8/2017,2.7,2.7,0.747,0.747,1.2,1.2
MW-19,MW-19-12142017,12/14/2017,0.42,0.42,6.02,6.02,750 J ,750
MW-19,MW-19-12062018,12/6/2018,0.78,0.78,0.899,0.899,67,67
MW-19,MW-19-12132019,12/13/2019,1.1,1.1,<0.100  ,0.1,<0.20  ,0.2
MW-19,MW-19-121020,12/10/2020,2.1,2.1,0.267,0.267,258,258
MW-19,MW-19-120921,12/9/2021,1.4,1.4,0.439,0.439,20,20
MW-19,MW-19-120722,12/7/2022,1.7,1.7,0.324,0.324,11.5,11.5
MW-19,MW-19-12072023,12/7/2023,2.16,2.16,0.0505 J ,0.0505,4.07,4.07
MW-19,MW-19-12042024,12/4/2024,0.145 J ,0.145,0.252,0.252,1.1,1.1
MW-20,MW-20,3/3/2005,2.2,2.2,<0.10  ,0.1,<1.0  ,1
MW-20,MW-20,11/8/2005,1.5,1.5,<0.10  ,0.1,<5.0  ,5
MW-20,MW-20,6/13/2006,< NS ,  ,< NS ,  ,< NS ,  
MW-20,MW-20,6/14/2007,0.86,0.86,<0.10  ,0.1,<4.0  ,4
MW-20,MW-20,10/12/2007,1.3,1.3,<0.10  ,0.1,<4.0  ,4
MW-20,MW-20,2/5/2008,2.4,2.4,<0.10  ,0.1,<4.0  ,4
MW-20,MW-20,6/12/2008,2.2,2.2,<0.10  ,0.1,<4.0  ,4
MW-20,MW-20,10/8/2008,0.5,0.5,<0.10  ,0.1,<8.0  ,8
MW-20,MW-20,6/17/2009,1.7,1.7,<0.10  ,0.1,<4.0  ,4
MW-20,MW-20,12/15/2009,1.1,1.1,<0.10  ,0.1,<40.0  ,40
MW-20,MW-20,6/16/2010,<0.20  ,0.2,<0.10  ,0.1,<4.0  ,4
MW-20,MW-20,12/8/2010,5.2,5.2,<0.10  ,0.1,<80.0  ,80
MW-20,MW-20,6/14/2011,0.2,0.2,<0.10  ,0.1,<40.0  ,40
MW-20,MW-20,12/8/2011,0.67,0.67,<0.10  ,0.1,<4.0  ,4
MW-20,MW-20,6/13/2012,2.7,2.7,2,2,<20.0  ,20
MW-20,MW-20,12/5/2012,0.52,0.52,<0.20  ,0.2,<40  ,40
MW-20,MW-20,6/13/2013,4.1,4.1,<0.10  ,0.1,<0.50  ,0.5
MW-20,MW-20,12/12/2013,0.55,0.55,<0.10  ,0.1,<0.50  ,0.5
MW-20,MW-20,6/17/2014,5.3,5.3,<0.10  ,0.1,<0.50  ,0.5
MW-20,MW-20,12/4/2014,2.1,2.1,0.158,0.158,<0.20  ,0.2
MW-20,MW-20,6/4/2015,2,2,0.128,0.128,<0.20  ,0.2
MW-20,MW-20-12102015,12/10/2015,2.2,2.2,0.0840 J ,0.084,<0.06  ,0.06
MW-20,MW-20-06082016,6/8/2016,1.2 J ,1.2,0.0640 J ,0.064,<4.0  ,4
MW-20,MW20-12142016-1008,12/14/2016,5.2,5.2,0.173,0.173,<0.20  ,0.2
MW-20,MW-20-06082017,6/8/2017,4.4,4.4,<0.100  ,0.1,<0.20  ,0.2
MW-20,MW-20-12142017,12/14/2017,4.4,4.4,<0.100  ,0.1,<0.20 J ,0.2
MW-20,MW-20-12062018,12/6/2018,4.5,4.5,<0.100  ,0.1,<0.20  ,0.2
MW-20,MW-20-12112019,12/11/2019,3.4,3.4,<0.100  ,0.1,<0.20  ,0.2
MW-20,MW-20-120920,12/9/2020,1.9,1.9,0.171,0.171,<0.500  ,0.5
MW-20,MW-20-120821,12/8/2021,0.3,0.3,0.390 J ,0.39,<0.100  ,0.1
MW-20,MW-20-120722,12/7/2022,0.081,0.081,0.0458 J ,0.0458,0.0824 J ,0.0824
MW-20,MW-20-12072023,12/7/2023,0.751,0.751,<0.100  ,0.1,<0.100  ,0.1
MW-20,MW-20-12032024,12/3/2024,3.19,3.19,<0.100  ,0.1,<0.5  ,0.5
MW-21,MW-21,11/8/2005,<0.20  ,0.2,510,510,18700,18700
MW-21,MW-21,12/6/2005,<0.20  ,0.2,450,450,28500,28500
MW-21,MW-21,6/14/2006,<0.20  ,0.2,850,850,36400,36400
MW-21,MW-21,6/19/2007,0.4,0.4,920,920,38400,38400
MW-21,MW-21,10/12/2007,0.53,0.53,750,750,54700,54700
MW-21,MW-21,2/7/2008,0.82,0.82,950,950,63100,63100
MW-21,MW-21,6/12/2008,1.2,1.2,1600,1600,42500,42500
MW-21,MW-21,10/8/2008,1.9,1.9,830,830,44700,44700
MW-21,MW-21,2/12/2009,0.21,0.21,740,740,37800,37800
MW-21,MW-21,6/17/2009,0.21,0.21,650,650,25300,25300
MW-21,MW-21,12/15/2009,1.7,1.7,820,820,37100,37100
MW-21,MW-21,6/16/2010,0.66,0.66,580,580,23900,23900
MW-21,MW-21,12/8/2010,2.3,2.3,680,680,37500,37500
MW-21,MW-21,6/17/2011,2.7,2.7,660,660,38700,38700
MW-21,MW-21,12/8/2011,2.8,2.8,710,710,44200,44200
MW-21,MW-21,6/13/2012,3.4,3.4,700,700,53700,53700
MW-21,MW-21,12/7/2012,3,3,650,650,61000,61000
MW-21,MW-21,6/14/2013,2.4,2.4,580,580,68000,68000
MW-21,MW-21,12/12/2013,3.3,3.3,570,570,83000,83000
MW-21,MW-21,6/20/2014,3.8,3.8,550,550,97000,97000
MW-21,MW-21,12/4/2014,1.6,1.6,763,763,67000,67000
MW-21,MW-21,6/4/2015,0.84,0.84,445,445,46000,46000
MW-21,MW-21-12102015,12/10/2015,1.3,1.3,487 J ,487,58000,58000
MW-21,MW-21-06092016,6/9/2016,3.7,3.7,511,511,55000,55000
MW-21,MW21-12152016-1310,12/15/2016,1.8,1.8,453 J ,453,36000,36000
MW-21,MW-21-06082017,6/8/2017,0.71,0.71,300,300,35000,35000
MW-21,MW-21-12152017,12/15/2017,2,2,503,503,35000 J ,35000
MW-21,MW-21-12072018,12/7/2018,2.8 J ,2.8,452,452,46000 J ,46000
MW-21,MW-21-12132019,12/13/2019,1.9,1.9,298,298,13000,13000
MW-21,MW-21-121020,12/10/2020,2,2,651,651,39000,39000
MW-21,MW-21-120921,12/9/2021,3.8,3.8,857,857,49000,49000
MW-21,MW-21-120822,12/8/2022,2.2,2.2,779,779,34000,34000
MW-21,MW-21-12082023,12/8/2023,1.05 J- ,1.05,721,721,52000,52000
MW-21,MW-21-12042024,12/4/2024,1.03,1.03,599,599,67000,67000
MW-22,MW-22,5/2/2006,<0.20  ,0.2,4.4,4.4,365,365
MW-22,MW-22,6/13/2006,<0.20  ,0.2,4,4,345,345
MW-22,MW-22,6/15/2007,<0.20  ,0.2,3,3,253,253
MW-22,MW-22,10/12/2007,<0.20  ,0.2,2.7,2.7,290,290
MW-22,MW-22,2/6/2008,<0.20  ,0.2,3.2,3.2,321,321
MW-22,MW-22,6/12/2008,<0.20  ,0.2,3.0 B ,3,282,282
MW-22,MW-22,10/8/2008,<0.20  ,0.2,3.1,3.1,248,248
MW-22,MW-22,2/10/2009,<0.20  ,0.2,4.7,4.7,316,316
MW-22,MW-22,6/18/2009,<0.20  ,0.2,3.5,3.5,273,273
MW-22,MW-22,12/16/2009,<0.20  ,0.2,4.1,4.1,293,293
MW-22,MW-22,6/17/2010,<0.20  ,0.2,4.1,4.1,331,331
MW-22,MW-22,12/8/2010,0.45,0.45,3.5,3.5,280,280
MW-22,MW-22,12/7/2011,<0.20  ,0.2,9.7,9.7,280,280
MW-22,MW-22,6/13/2012,<0.20  ,0.2,4.3,4.3,368,368
MW-22,MW-22,12/5/2012,<0.20  ,0.2,6.8,6.8,370,370
MW-22,MW-22,6/13/2013,<0.10  ,0.1,3.6,3.6,490,490
MW-22,MW-22,12/11/2013,<0.10  ,0.1,7.9,7.9,670,670
MW-22,MW-22,6/19/2014,<0.25  ,0.25,7,7,560,560
MW-22,MW-22,12/3/2014,0.073,0.073,5.32,5.32,340,340
MW-22,MW-22,6/3/2015,0.11,0.11,7.11,7.11,390,390
MW-22,MW-22-12092015,12/9/2015,0.048 J ,0.048,5.9,5.9,380,380
MW-22,MW-22-06082016,6/8/2016,0.1,0.1,5.61,5.61,430,430
MW-22,MW22-12142016-1520,12/14/2016,0.048 J ,0.048,3.88,3.88,290,290
MW-22,MW-22-06072017,6/7/2017,0.055,0.055,0.373,0.373,3.4,3.4
MW-22,MW-22-12142017,12/14/2017,0.034 J ,0.034,1.36,1.36,48 J ,48
MW-22,MW-22-12052018,12/5/2018,<0.050  ,0.05,9.58,9.58,470,470
MW-22,MW-22-12122019,12/12/2019,<0.050  ,0.05,0.579,0.579,18,18
MW-22,MW-22-120920,12/9/2020,0.047 J ,0.047,5.96,5.96,185,185
MW-22,MW-22-120821,12/8/2021,<0.050  ,0.05,5.80 J- ,5.8,268 J ,268
MW-22,MW-22-120722,12/7/2022,0.096,0.096,4.06,4.06,141,141
MW-22,MW-22-12072023,12/7/2023,0.100 J ,0.1,14.4,14.4,409,409
MW-22,MW-22-12032024,12/3/2024,<0.200  ,0.2,22.8,22.8,720,720
MW-23,MW-23,6/20/2001,< DRY ,  ,< DRY ,  ,< DRY ,
MW-23,MW-23,5/2/2006,< DRY ,  ,< DRY ,  ,< DRY ,
MW-23,MW-23,6/13/2006,< DRY ,  ,< DRY ,  ,< DRY ,
MW-23,MW-23,10/10/2007,< DRY ,  ,< DRY ,  ,< DRY ,
MW-23,MW-23,2/4/2008,< DRY ,  ,< DRY ,  ,< DRY ,
MW-23,MW-23,6/10/2008,< DRY ,  ,< DRY ,  ,< DRY ,
MW-23,MW-23,10/8/2008,< DRY ,  ,< DRY ,  ,< DRY ,
MW-23,MW-23,2/10/2009,< DRY ,  ,< DRY ,  ,< DRY ,
MW-23,MW-23,6/18/2009,< DRY ,  ,< DRY ,  ,< DRY ,
MW-23,MW-23,12/16/2009,< DRY ,  ,< DRY ,  ,< DRY ,
MW-23,MW-23,6/17/2010,< DRY ,  ,< DRY ,  ,< DRY ,
MW-23,MW-23,12/7/2010,< DRY ,  ,< DRY ,  ,< DRY ,
MW-23,MW-23,6/14/2011,< DRY ,  ,< DRY ,  ,< DRY ,
MW-23,MW-23,12/8/2011,< DRY ,  ,< DRY ,  ,< DRY ,
MW-23,MW-23,6/13/2012,< DRY ,  ,< DRY ,  ,< DRY ,
MW-23,MW-23,6/13/2013,< DRY ,  ,< DRY ,  ,< DRY ,
MW-23,MW-23,12/11/2013,< DRY ,  ,< DRY ,  ,< DRY ,
MW-23,MW-23,6/16/2014,< DRY ,  ,< DRY ,  ,< DRY ,
MW-23,MW-23,6/3/2015,0.32,0.32,0.135,0.135,<0.20  ,0.2
MW-23,MW-23-12092015,12/9/2015,0.16 J ,0.16,0.103,0.103,<0.06  ,0.06
MW-23,MW-23-06072016,6/7/2016,0.14 J ,0.14,0.0750 J ,0.075,<40  ,40
MW-23,MW23-12142016-1230,12/14/2016,0.16,0.16,0.167,0.167,<0.20  ,0.2
MW-23,MW-23-06072017,6/7/2017,0.18,0.18,0.0730 J ,0.073,<0.20  ,0.2
MW-23,MW-23-12152017,12/15/2017,0.061,0.061,<0.100  ,0.1,<0.20 J ,0.2
MW-23,MW-23-12052018,12/5/2018,0.17,0.17,<0.100  ,0.1,<0.20  ,0.2
MW-23,MW-23-12122019,12/12/2019,0.057,0.057,<0.100 J ,0.1,<0.20  ,0.2
MW-23,MW-23-120820,12/8/2020,0.062,0.062,0.0805 J ,0.0805,<0.100  ,0.1
MW-24,MW-24,5/2/2006,< DRY ,  ,< DRY ,  ,< DRY ,
MW-24,MW-24,6/13/2006,< DRY ,  ,< DRY ,  ,< DRY ,
MW-24,MW-24,6/20/2007,< DRY ,  ,< DRY ,  ,< DRY ,
MW-24,MW-24,10/10/2007,< DRY ,  ,< DRY ,  ,< DRY ,
MW-24,MW-24,2/4/2008,< DRY ,  ,< DRY ,  ,< DRY ,
MW-24,MW-24,6/10/2008,< DRY ,  ,< DRY ,  ,< DRY ,
MW-24,MW-24,10/8/2008,< DRY ,  ,< DRY ,  ,< DRY ,
MW-24,MW-24,2/10/2009,< DRY ,  ,< DRY ,  ,< DRY ,
MW-24,MW-24,6/18/2009,< DRY ,  ,< DRY ,  ,< DRY ,
MW-24,MW-24,12/16/2009,< DRY ,  ,< DRY ,  ,< DRY ,
MW-24,MW-24,6/17/2010,< DRY ,  ,< DRY ,  ,< DRY ,
MW-24,MW-24,12/7/2010,< DRY ,  ,< DRY ,  ,< DRY ,
MW-24,MW-24,6/14/2011,< DRY ,  ,< DRY ,  ,< DRY ,
MW-24,MW-24,12/8/2011,< DRY ,  ,< DRY ,  ,< DRY ,
MW-24,MW-24,6/13/2012,< DRY ,  ,< DRY ,  ,< DRY ,
MW-24,MW-24,6/13/2013,< DRY ,  ,< DRY ,  ,< DRY ,
MW-24,MW-24,12/11/2013,< DRY ,  ,< DRY ,  ,< DRY ,
MW-24,MW-24,6/16/2014,< DRY ,  ,< DRY ,  ,< DRY ,
MW-25,MW-25,2/1/2007,0.22,0.22,<0.10  ,0.1,<4  ,4
MW-25,MW-25,6/15/2007,<0.20  ,0.2,0.27,0.27,<4  ,4
MW-25,MW-25,10/12/2007,0.16,0.16,0.36,0.36,<4.0  ,4
MW-25,MW-25,2/6/2008,<0.20  ,0.2,0.69 J ,0.69,<4.0  ,4
MW-25,MW-25,6/12/2008,<0.20  ,0.2,0.17 B ,0.17,<20.0  ,20
MW-25,MW-25,10/8/2008,<0.20  ,0.2,0.16,0.16,<4.0  ,4
MW-25,MW-25,2/10/2009,<0.20  ,0.2,0.31,0.31,<20.0  ,20
MW-25,MW-25,6/18/2009,<0.20  ,0.2,0.35,0.35,<20.0  ,20
MW-25,MW-25,12/16/2009,<0.20  ,0.2,<0.10  ,0.1,<20.0  ,20
MW-25,MW-25,6/16/2010,<0.20  ,0.2,0.31,0.31,<20.0  ,20
MW-25,MW-25,12/7/2010,<0.20  ,0.2,0.11,0.11,<20.0  ,20
MW-25,MW-25,6/14/2011,0.21,0.21,0.17,0.17,<40.0  ,40
MW-25,MW-25,12/8/2011,<0.20  ,0.2,0.45,0.45,<4.0  ,4
MW-25,MW-25,6/13/2012,0.44,0.44,<0.10  ,0.1,<4.0  ,4
MW-25,MW-25,12/5/2012,0.23,0.23,1.5,1.5,<4.0  ,4
MW-25,MW-25,6/12/2013,<0.10  ,0.1,2.3,2.3,<0.50  ,0.5
MW-25,MW-25,12/11/2013,< NS ,  ,< NS ,  ,< NS ,  
MW-25,MW-25,6/20/2014,<0.25  ,0.25,<0.10  ,0.1,<0.50  ,0.5
MW-25,MW-25,12/2/2014,0.15,0.15,0.328,0.328,<0.20  ,0.2
MW-25,MW-25,6/3/2015,0.25,0.25,0.239,0.239,<0.20  ,0.2
MW-25,MW-25-12092015,12/9/2015,0.077 J ,0.077,0.596,0.596,<0.06  ,0.06
MW-25,MW-25-06072016,6/7/2016,0.17 J ,0.17,0.559,0.559,<40  ,40
MW-25,MW25-12152016-1445,12/15/2016,0.11,0.11,0.225,0.225,0.12 J ,0.12
MW-25,MW-25-06072017,6/7/2017,0.12,0.12,<0.100  ,0.1,<0.20  ,0.2
MW-25,MW-25-12132017,12/13/2017,0.23,0.23,0.142,0.142,<0.20  ,0.2
MW-25,MW-25-12062018,12/6/2018,0.23,0.23,<0.100  ,0.1,0.15 J ,0.15
MW-25,MW-25-12122019,12/12/2019,0.048 J ,0.048,<0.100  ,0.1,<0.20  ,0.2
MW-25,MW-25-121020,12/10/2020,0.056,0.056,0.149,0.149,<1.00  ,1
MW-25,MW-25-120722,12/7/2022,0.24,0.24,0.0968 J ,0.0968,0.0681 J ,0.0681
MW-25,MW-25-12082023,12/8/2023,<2.00 J ,2,0.0491 J ,0.0491,0.0795 J ,0.0795
MW-25,MW-25-12042024,12/4/2024,<0.200  ,0.2,0.0721 J ,0.0721,1.3,1.3
MW-26,MW-26,9/20/2011,<0.20  ,0.2,39,39,1980,1980
MW-26,MW-26,12/8/2011,0.26,0.26,15,15,997,997
MW-26,MW-26,6/13/2012,<0.20  ,0.2,21,21,1570,1570
MW-26,MW-26,12/6/2012,<0.20  ,0.2,47,47,2600,2600
MW-26,MW-26,6/13/2013,<0.10  ,0.1,1.5,1.5,2900,2900
MW-26,MW-26,12/11/2013,<0.10  ,0.1,61,61,4900,4900
MW-26,MW-26,6/20/2014,<0.25  ,0.25,50,50,4900,4900
MW-26,MW-26,12/4/2014,0.084,0.084,49.4,49.4,3100,3100
MW-26,MW-26,6/4/2015,<0.025  ,0.025,64.9,64.9,4000,4000
MW-26,MW-26-12102015,12/10/2015,<0.050  ,0.05,43.7 J ,43.7,3700,3700
MW-26,MW-26-06082016,6/8/2016,0.12,0.12,70.5,70.5,5600,5600
MW-26,MW26-12152016-0932,12/15/2016,0.049 J ,0.049,53.7,53.7,7800,7800
MW-26,MW-26-06082017,6/8/2017,0.058,0.058,67.2,67.2,5400,5400
MW-26,MW-26-12152017,12/15/2017,0.035 J ,0.035,112,112,6400 J ,6400
MW-26,MW-26-12062018,12/6/2018,0.083,0.083,116,116,9700,9700
MW-26,MW-26-12122019,12/12/2019,0.025 J ,0.025,93.2,93.2,6100,6100
MW-26,MW-26-120920,12/9/2020,<0.050  ,0.05,93.1,93.1,5940,5940
MW-26,MW-26-120821,12/8/2021,0.053,0.053,108,108,9280 J ,9280
MW-26,MW-26-120722,12/7/2022,0.096,0.096,116,116,9910,9910
MW-26,MW-26-12072023,12/7/2023,<0.200  ,0.2,135,135,8510,8510
MW-26,MW-26-12032024,12/3/2024,<0.200  ,0.2,156,156,13000,13000
MW-27,MW-27,9/20/2011,0.57,0.57,2.6,2.6,<4.0  ,4
MW-27,MW-27,12/7/2011,<0.20  ,0.2,34,34,<4.0  ,4
MW-27,MW-27,6/13/2012,1,1,48,48,<4.0  ,4
MW-27,MW-27,12/5/2012,<0.20  ,0.2,88,88,<40  ,40
MW-27,MW-27,6/12/2013,0.12,0.12,15,15,<0.50  ,0.5
MW-27,MW-27,12/9/2013,0.19,0.19,4.7,4.7,<0.50  ,0.5
MW-27,MW-27,6/20/2014,<0.25  ,0.25,9.2,9.2,<0.50  ,0.5
MW-27,MW-27,12/2/2014,0.26,0.26,7.67,7.67,<0.2  ,0.2
MW-27,MW-27,6/3/2015,0.2,0.2,37.9,37.9,0.28,0.28
MW-27,MW-27 re-sampled,8/13/2015,0.14,0.14,47.1,47.1,0.61,0.61
MW-27,MW-27-12092015,12/9/2015,0.058 J ,0.058,52.6,52.6,<0.06  ,0.06
MW-27,MW-27-06072016,6/7/2016,0.19 J ,0.19,48.5,48.5,<40  ,40
MW-27,MW27-12142016-1359,12/14/2016,0.14 J ,0.14,32.4,32.4,0.27,0.27
MW-27,MW-27-06072017,6/7/2017,0.071,0.071,36.9,36.9,0.18 J ,0.18
MW-27,MW-27-12132017,12/13/2017,0.047 J ,0.047,46.2 J ,46.2,0.26,0.26
MW-27,MW-27-12052018,12/5/2018,<0.050  ,0.05,27.3,27.3,0.17 J ,0.17
MW-27,MW-27-12122019,12/12/2019,<0.050  ,0.05,31.3 J- ,31.3,<0.20  ,0.2
MW-27,MW-27-120920,12/9/2020,0.088,0.088,53.1,53.1,0.517 J ,0.517
MW-27,MW-27-120821,12/8/2021,0.031 J ,0.031,64.2,64.2,0.509 J ,0.509
MW-27,MW-27-120722,12/7/2022,0.073,0.073,69.2,69.2,0.406,0.406
MW-27,MW-27-12062023,12/6/2023,<0.200  ,0.2,62.8,62.8,0.413,0.413
MW-27,MW-27-12032024,12/3/2024,<0.200  ,0.2,9.88,9.88,<0.5  ,0.5
MW-28,MW-28,9/20/2011,<0.20  ,0.2,0.11,0.11,<4.0  ,4
MW-28,MW-28,12/8/2011,<0.20  ,0.2,<0.10  ,0.1,<4.0  ,4
MW-28,MW-28,6/13/2012,<0.20  ,0.2,<0.10  ,0.1,<4.0  ,4
MW-28,MW-28,12/6/2012,<0.20  ,0.2,<0.20  ,0.2,<20  ,20
MW-28,MW-28,6/13/2013,<0.10  ,0.1,<0.10  ,0.1,<0.50  ,0.5
MW-28,MW-28,12/9/2013,<0.10  ,0.1,<0.10  ,0.1,<0.50  ,0.5
MW-28,MW-28,6/20/2014,<0.25  ,0.25,<0.10  ,0.1,<0.50  ,0.5
MW-28,MW-28,12/3/2014,0.053,0.053,0.14,0.14,<0.2  ,0.2
MW-28,MW-28,6/4/2015,0.054,0.054,0.135,0.135,<0.20  ,0.2
MW-28,MW-28-12092015,12/9/2015,0.030 J ,0.03,0.249,0.249,<0.06  ,0.06
MW-28,MW-28-06092016,6/9/2016,0.12,0.12,0.146,0.146,<0.2  ,0.2
MW-28,MW28-12152016-0852,12/15/2016,0.086,0.086,0.199,0.199,<0.20  ,0.2
MW-28,MW-28-06082017,6/8/2017,0.097,0.097,<0.100  ,0.1,<0.20  ,0.2
MW-28,MW-28-12142017,12/14/2017,0.057,0.057,0.541,0.541,<0.20  ,0.2
MW-28,MW-28-12062018,12/6/2018,0.029 J ,0.029,<0.100  ,0.1,0.14 J ,0.14
MW-28,MW-28-12122019,12/12/2019,0.041 J ,0.041,<0.100  ,0.1,<0.20  ,0.2
MW-28,MW-28-120920,12/9/2020,0.093,0.093,0.16,0.16,<0.200  ,0.2
MW-28,MW-28-120821,12/8/2021,<0.050  ,0.05,0.119,0.119,<0.100  ,0.1
MW-28,MW-28-120722,12/7/2022,0.062,0.062,0.409,0.409,<0.100  ,0.1
MW-28,MW-28-12072023,12/7/2023,<0.200  ,0.2,0.0554 J ,0.0554,<0.100  ,0.1
MW-28,MW-28-12032024,12/3/2024,0.166 J ,0.166,0.525,0.525,31,31
MW-29,MW-29,9/20/2011,< DRY ,  ,< DRY ,  ,< DRY ,
MW-29,MW-29,12/9/2011,<0.20  ,0.2,<0.10  ,0.1,<4.0  ,4
MW-29,MW-29,6/13/2012,<0.20  ,0.2,<0.10  ,0.1,<4.0  ,4
MW-29,MW-29,12/6/2012,<0.20  ,0.2,<0.20  ,0.2,<20  ,20
MW-29,MW-29,6/13/2013,<0.10  ,0.1,<0.10  ,0.1,<0.50  ,0.5
MW-29,MW-29,12/9/2013,<0.10  ,0.1,<0.10  ,0.1,<0.50  ,0.5
MW-29,MW-29,6/20/2014,<0.25  ,0.25,<0.10  ,0.1,<0.50  ,0.5
MW-29,MW-29,12/3/2014,0.1,0.1,0.107,0.107,<0.20  ,0.2
MW-29,MW-29,6/3/2015,0.072,0.072,0.126,0.126,<0.20  ,0.2
MW-29,MW-29-12092015,12/9/2015,0.033 J ,0.033,<0.100  ,0.1,<0.06  ,0.06
MW-29,MW-29-06082016,6/8/2016,0.1,0.1,0.0610 J ,0.061,<4.0  ,4
MW-29,MW29-12142016-1140,12/14/2016,0.082,0.082,0.17,0.17,<0.20  ,0.2
MW-29,MW-29-06072017,6/7/2017,0.039 J ,0.039,0.43,0.43,<0.20  ,0.2
MW-29,MW-29-12132017,12/13/2017,0.062,0.062,0.214,0.214,<0.20  ,0.2
MW-29,MW-29-12052018,12/5/2018,0.06,0.06,<0.100  ,0.1,<0.20  ,0.2
MW-29,MW-29-12112019,12/11/2019,<0.050  ,0.05,<0.100  ,0.1,<0.20  ,0.2
MW-29,MW-29-120820,12/8/2020,0.11,0.11,0.235,0.235,<0.500  ,0.5
MW-29,MW-29-120821,12/8/2021,<0.050  ,0.05,0.0839 J ,0.0839,0.0597 J ,0.0597
MW-29,MW-29-120622,12/6/2022,0.047 J ,0.047,0.0704 J ,0.0704,<0.100  ,0.1
MW-29,MW-29-12072023,12/7/2023,<0.200  ,0.2,0.0335 J ,0.0335,<0.100  ,0.1
MW-29,MW-29-12032024,12/3/2024,0.122 J ,0.122,0.0459 J ,0.0459,<0.5  ,0.5
MW-30,MW-30,9/20/2011,0.6,0.6,0.28,0.28,<4.0  ,4
MW-30,MW-30,12/7/2011,0.35,0.35,<0.10  ,0.1,<4.0  ,4
MW-30,MW-30,6/13/2012,0.5,0.5,<0.10  ,0.1,<4.0  ,4
MW-30,MW-30,12/5/2012,0.42,0.42,<0.20  ,0.2,<40  ,40
MW-30,MW-30,6/13/2013,<0.10  ,0.1,0.14,0.14,<0.50  ,0.5
MW-30,MW-30,12/12/2013,0.43,0.43,<0.10  ,0.1,<0.50  ,0.5
MW-30,MW-30,6/19/2014,<0.25  ,0.25,<0.10  ,0.1,<0.50  ,0.5
MW-30,MW-30,12/3/2014,0.24,0.24,0.136,0.136,<0.20  ,0.2
MW-30,MW-30,6/4/2015,0.22,0.22,0.227,0.227,<0.20  ,0.2
MW-30,MW-30-12092015,12/9/2015,0.32 J ,0.32,<0.100  ,0.1,<0.06  ,0.06
MW-30,MW-30-06082016,6/8/2016,0.18,0.18,0.615,0.615,<4.0  ,4
MW-30,MW30-12142016-1055,12/14/2016,0.46,0.46,<0.100  ,0.1,0.32,0.32
MW-30,MW-30-06072017,6/7/2017,0.1,0.1,0.836,0.836,0.2,0.2
MW-30,MW-30-12132017,12/13/2017,0.13,0.13,1.22 J ,1.22,<0.20  ,0.2
MW-30,MW-30-12052018,12/5/2018,0.044 J ,0.044,0.756 J ,0.756,0.27,0.27
MW-30,MW-30-12112019,12/11/2019,<0.050  ,0.05,<0.100  ,0.1,<0.20  ,0.2
MW-30,MW-30-120820,12/8/2020,0.055,0.055,0.809,0.809,<0.500  ,0.5
MW-30,MW-30-120821,12/8/2021,0.029 J ,0.029,0.452 J ,0.452,0.0338 J ,0.0338
MW-30,MW-30,12/6/2022,0.076,0.076,0.177,0.177,0.0582 J ,0.0582
MW-30,MW-30-12072023,12/7/2023,<0.200  ,0.2,<0.500  ,0.5,<0.100  ,0.1
MW-30,MW-30-12032024,12/3/2024,0.149 J ,0.149,<0.200  ,0.2,<0.5  ,0.5
VEW-01,VEW-1,11/23/2010,1,1,<0.40  ,0.4,<4.0  ,4
VEW-01,VEW-1,6/14/2011,<0.20  ,0.2,<0.10  ,0.1,<4.0  ,4
VEW-01,VEW-1,12/7/2011,1.4,1.4,<1.0  ,1,<4.0  ,4
VEW-01,VEW-1,9/11/2012,< ABANDONED ,,< ABANDONED ,,< ABANDONED ,
LP-1,LP-1,7/16/2003,0.31,0.31,<0.10  ,0.1,70.2,70.2
LP-1,LP-1,3/9/2004,0.2,0.2,0.35,0.35,52.3,52.3
LP-1,LP-1,6/2/2004,0.32,0.32,0.088 B ,0.088,38.2,38.2
LP-1,LP-1,9/10/2004,0.17 B ,0.17,0.45 B ,0.45,2.1,2.1
LP-1,LP-1,12/7/2004,0.22,0.22,0.15,0.15,<1.0  ,1
LP-1,LP-1,6/28/2005,0.13 B ,0.13,<0.10  ,0.1,<1.0  ,1
LP-1,LP-1,12/6/2005,<0.20  ,0.2,<0.10  ,0.1,<2.0  ,2
LP-1,LP-1,3/7/2006,<0.20  ,0.2,<0.10  ,0.1,<2.0  ,2
LP-1,LP-1,9/7/2006,<0.20  ,0.2,<0.10  ,0.1,<8.0  ,8
LP-2 (SW-1R),LP-2 (SW-1R),3/28/2000,162,162,272,272,36000,36000
LP-2 (SW-1R),LP-2 (SW-1R),8/22/2002,0.91,0.91,19.99,19.99,4540,4540
LP-2 (SW-1R),LP-2 (SW-1R),1/15/2003,1.8,1.8,28,28,5270,5270
LP-2 (SW-1R),LP-2 (SW-1R) GN3 - SW5,5/28/2003,< NS ,,< NS ,,551,551
LP-2 (SW-1R),LP-2 (SW-1R) GN3 - SW6,5/28/2003,< NS ,,< NS ,,559,559
LP-2 (SW-1R),LP-2 (SW-1R),7/16/2003,0.64,0.64,7.5,7.5,1560,1560
LP-2 (SW-1R),LP-2 (SW-1R),3/9/2004,0.7,0.7,4.5,4.5,611,611
LP-2 (SW-1R),LP-2 (SW-1R),6/2/2004,0.62,0.62,4.2,4.2,779,779
LP-2 (SW-1R),LP-2 (SW-1R),9/10/2004,1.5,1.5,1.8,1.8,301,301
LP-2 (SW-1R),LP-2 (SW-1R),12/8/2004,1.2,1.2,6.6,6.6,826,826
LP-2 (SW-1R),LP-2 (SW-1R),6/28/2005,0.24,0.24,0.85,0.85,146,146
LP-2 (SW-1R),LP-2 (SW-1R),12/7/2005,0.19 B ,0.19,0.66,0.66,45.8,45.8
LP-2 (SW-1R),LP-2 (SW-1R),3/7/2006,0.31,0.31,0.54,0.54,70,70
LP-2 (SW-1R),LP-2 (SW-1R),9/7/2006,0.36,0.36,0.15,0.15,34.2,34.2
LP-2 (SW-1R),LP-2 (SW-1R),6/13/2007,0.45,0.45,2.1,2.1,192,192
LP-2 (SW-1R),LP-2 (SW-1R),10/10/2007,0.44,0.44,0.48,0.48,64.8,64.8
LP-2 (SW-1R),LP-2 (SW-1R),2/8/2008,0.74,0.74,6.2 J ,6.2,303,303
LP-2 (SW-1R),LP-2 (SW-1R),6/11/2008,1.3,1.3,1.6 B ,1.6,122,122
LP-2 (SW-1R),LP-2 (SW-1R),10/7/2008,0.67,0.67,1.7,1.7,141,141
LP-2 (SW-1R),LP-2 (SW-1R),2/10/2009,0.69,0.69,4.9,4.9,197,197
LP-2 (SW-1R),LP-2 (SW-1R),6/16/2009,0.39,0.39,1.1,1.1,107,107
LP-2 (SW-1R),LP-2 (SW-1R),12/14/2009,<0.20  ,0.2,2.1,2.1,134,134
LP-2 (SW-1R),LP-2 (SW-1R),6/15/2010,0.52,0.52,2,2,189,189
LP-2 (SW-1R),LP-2 (SW-1R),12/7/2010,0.22,0.22,0.65,0.65,48.3,48.3
LP-2 (SW-1R),LP-2 (SW-1R),6/15/2011,0.42,0.42,0.64,0.64,83.1,83.1
LP-2 (SW-1R),LP-2 (SW-1R),12/6/2011,0.5,0.5,1.6,1.6,164,164
LP-2 (SW-1R),LP-2 (SW-1R),6/12/2012,0.4,0.4,<0.10  ,0.1,11.1,11.1
LP-2 (SW-1R),LP-2 (SW-1R),12/4/2012,<0.2  ,0.2,0.35,0.35,68,68
LP-2 (SW-1R),LP-2 (SW-1R),6/12/2013,0.14,0.14,0.5,0.5,93,93
LP-2 (SW-1R),LP-2 (SW-1R),12/10/2013,< NS ,,< NS ,,< NS ,
LP-2 (SW-1R),LP-2 (SW-1R) (B),6/19/2014,<0.25  ,0.25,0.14,0.14,45,45
LP-2 (SW-1R),LP-2 (SW-1R) (S),6/19/2014,<0.25  ,0.25,0.1,0.1,53,53
LP-2 (SW-1R),LP-2 (SW-1R),12/4/2014,0.17,0.17,0.688,0.688,110,110
LP-2 (SW-1R),LP-2 (SW-1R),6/4/2015,0.12,0.12,0.631,0.631,150,150
LP-2 (SW-1R),LP-2-12082015,12/8/2015,0.17,0.17,0.709,0.709,80,80
LP-2,LP-2-06072016,6/7/2016,0.25 J ,0.25,0.44,0.44,45 J ,45
LP-2,LP2-12132016-1515,12/13/2016,0.096,0.096,0.316,0.316,59,59
LP-2,LP-2-06062017,6/6/2017,0.27,0.27,1.3,1.3,150,150
LP-2,LP-2-12132017,12/13/2017,0.11,0.11,0.441,0.441,36,36
LP-2,LP-2-12042018,12/4/2018,0.16,0.16,0.702,0.702,100,100
LP-2,LP-2-12102019,12/10/2019,0.073,0.073,<0.100  ,0.1,71,71
LP-2,LP-2-120820,12/8/2020,0.074,0.074,1.56,1.56,123,123
LP-2,LP-2-120721,12/7/2021,0.075,0.075,0.403,0.403,33.5 J ,33.5
LP-2,LP-2-120622,12/6/2022,0.14,0.14,0.755,0.755,65.1,65.1
LP-2,LP-2-12052023,12/5/2023,<0.200  ,0.2,0.424,0.424,55.6,55.6
LP-2,LP-2-12042024,12/4/2024,<0.200  ,0.2,0.29,0.29,35,35
LP-3 (SW-3),LP-3 (SW-3),7/16/2003,1.5,1.5,<0.10  ,0.1,12.6,12.6
LP-3 (SW-3),LP-3 (SW-3),3/8/2004,0.2,0.2,0.25,0.25,26.8,26.8
LP-3 (SW-3),LP-3 (SW-3),6/2/2004,0.28,0.28,0.084 B ,0.084,32.9,32.9
LP-3 (SW-3),LP-3 (SW-3),9/9/2004,0.23,0.23,<0.50  ,0.5,<1.0  ,1
LP-3 (SW-3),LP-3 (SW-3),12/7/2004,0.28,0.28,0.13,0.13,<1.0  ,1
LP-3 (SW-3),LP-3 (SW-3),6/28/2005,<0.20  ,0.2,<0.10  ,0.1,<1.0  ,1
LP-3 (SW-3),LP-3 (SW-3),12/6/2005,<0.20  ,0.2,0.061 B ,0.061,<2.0  ,2
LP-3 (SW-3),LP-3 (SW-3),3/7/2006,<0.20  ,0.2,0.045 B ,0.045,<2.0  ,2
LP-3 (SW-3),LP-3 (SW-3),9/7/2006,0.15 B ,0.15,0.090 B ,0.09,<8.0  ,8
LP-4,LP-4,3/9/2004,0.3,0.3,0.62,0.62,84.5,84.5
LP-4,LP-4,6/3/2004,0.37,0.37,0.18,0.18,7.7,7.7
LP-4,LP-4,9/10/2004,0.19 B ,0.19,0.44 B ,0.44,<1.0  ,1
LP-4,LP-4,12/8/2004,0.33,0.33,0.67,0.67,113,113
LP-4,LP-4,6/28/2005,<0.20  ,0.2,<0.10  ,0.1,2.3,2.3
LP-4,LP-4,12/6/2005,<0.20  ,0.2,<0.10  ,0.1,4.3,4.3
LP-4,LP-4,3/7/2006,0.13 B ,0.13,<0.10  ,0.1,1.8,1.8
LP-4,LP-4,9/7/2006,<0.20  ,0.2,<0.10  ,0.1,<4.0  ,4
LP-5,LP-5,3/9/2004,0.42,0.42,0.1,0.1,<4.0  ,4
LP-5,LP-5,6/1/2004,0.43,0.43,<0.10  ,0.1,<1.0  ,1
LP-5,LP-5,9/9/2004,0.69,0.69,0.46 B ,0.46,<1.0  ,1
LP-5,LP-5,12/7/2004,0.43,0.43,0.42,0.42,<1.0  ,1
LP-6 (SW-9),LP-6 (SW-9),1/15/2003,0.44,0.44,0.18,0.18,<5.0  ,5
LP-6 (SW-9),LP-6 (SW-9),3/8/2004,0.17 B ,0.17,0.12,0.12,<4.0  ,4
LP-6 (SW-9),LP-6 (SW-9),6/1/2004,0.27,0.27,<0.10  ,0.1,22.3,22.3
LP-6 (SW-9),LP-6 (SW-9),9/9/2004,<0.20  ,0.2,<0.50  ,0.5,<1.0  ,1
LP-6 (SW-9),LP-6 (SW-9),12/7/2004,0.28,0.28,0.11,0.11,<1.0  ,1
LP-7,LP-7-06072016,6/7/2016,0.19 J ,0.19,0.113,0.113,<40  ,40
LP-7,LP7-12132016-1445,12/13/2016,0.12,0.12,0.239,0.239,0.13 J ,0.13
LP-7,LP-7-06062017,6/6/2017,0.4,0.4,0.233,0.233,0.12 J ,0.12
LP-7,LP-7-12132017,12/13/2017,0.082,0.082,<0.100  ,0.1,0.11 J ,0.11
LP-7,LP-7-12042018,12/4/2018,0.27,0.27,<0.100  ,0.1,0.8,0.8
LP-7,LP-7-12102019,12/10/2019,0.07,0.07,<0.100  ,0.1,0.53,0.53
LP-7,LP-7-120820,12/8/2020,0.088,0.088,0.125,0.125,0.506,0.506
LP-7,LP-7-120721,12/7/2021,0.038 J ,0.038,<0.100  ,0.1,0.213 J ,0.213
LP-7,LP-7-120622,12/6/2022,0.026 J ,0.026,<0.100  ,0.1,0.164,0.164
LP-7,LP-7-12052023,12/5/2023,<0.200  ,0.2,<0.100  ,0.1,0.209,0.209
LP-7,LP-7-12042024,12/4/2024,<0.200  ,0.2,<0.100  ,0.1,2.5,2.5
LP-7 (SW-2),LP-7 (SW-2),1/15/2003,0.13,0.13,0.1,0.1,1.4,1.4
LP-7 (SW-2),LP-7 (SW-2),3/9/2004,0.28,0.28,0.49,0.49,66.6,66.6
LP-7 (SW-2),LP-7 (SW-2),6/3/2004,0.22,0.22,0.17,0.17,6.5,6.5
LP-7 (SW-2),LP-7 (SW-2),9/10/2004,0.2,0.2,<0.50  ,0.5,<1.0  ,1
LP-7 (SW-2),LP-7 (SW-2),6/28/2005,<0.20  ,0.2,<0.10  ,0.1,2.6,2.6
LP-7 (SW-2),LP-7 (SW-2),12/7/2005,<0.20  ,0.2,<0.10  ,0.1,4.6,4.6
LP-7 (SW-2),LP-7 (SW-2),3/7/2006,0.56,0.56,<0.10  ,0.1,2,2
LP-7 (SW-2),LP-7 (SW-2),9/7/2006,0.13 B ,0.13,<0.10  ,0.1,<4.0  ,4
LP-7 (SW-2),LP-7 (SW-2),6/12/2007,0.2,0.2,<0.10  ,0.1,<4.0  ,4
LP-7 (SW-2),LP-7 (SW-2),10/10/2007,0.23,0.23,0.13,0.13,4.4,4.4
LP-7 (SW-2),LP-7 (SW-2),2/8/2008,0.096 J ,0.096,<0.10  ,0.1,6.7,6.7
LP-7 (SW-2),LP-7 (SW-2),6/11/2008,0.28,0.28,0.14 B ,0.14,4.4,4.4
LP-7 (SW-2),LP-7 (SW-2),10/7/2008,0.21,0.21,0.18,0.18,4,4
LP-7 (SW-2),LP-7 (SW-2),2/10/2009,<0.20  ,0.2,0.51,0.51,<4.0  ,4
LP-7 (SW-2),LP-7 (SW-2),6/16/2009,<0.20  ,0.2,0.3,0.3,5.3,5.3
LP-7 (SW-2),LP-7 (SW-2),12/14/2009,<0.20  ,0.2,0.12,0.12,<4.0  ,4
LP-7 (SW-2),LP-7 (SW-2),6/15/2010,0.26,0.26,<0.10  ,0.1,<4.0  ,4
LP-7 (SW-2),LP-7 (SW-2),12/7/2010,<0.20  ,0.2,<0.10  ,0.1,<4.0  ,4
LP-7 (SW-2),LP-7 (SW-2),6/15/2011,0.33,0.33,0.28,0.28,<4.0  ,4
LP-7 (SW-2),LP-7 (SW-2),12/6/2011,<0.20  ,0.2,0.13,0.13,6.3,6.3
LP-7 (SW-2),LP-7 (SW-2),6/12/2012,0.34,0.34,<0.10  ,0.1,<4.0  ,4
LP-7 (SW-2),LP-7 (SW-2),12/4/2012,<0.20  ,0.2,<0.20  ,0.2,<4.0  ,4
LP-7 (SW-2),LP-7 (SW-2),6/13/2013,0.16,0.16,<0.10  ,0.1,<0.50  ,0.5
LP-7 (SW-2),LP-7 (SW-2),12/11/2013,0.1,0.1,<0.10  ,0.1,1.4,1.4
LP-7 (SW-2),LP-7 (SW-2) (B),6/19/2014,<0.25  ,0.25,<0.10  ,0.1,<0.50  ,0.5
LP-7 (SW-2),LP-7 (SW-2) (S),6/19/2014,<0.25  ,0.25,<0.10  ,0.1,<0.50  ,0.5
LP-7 (SW-2),LP-7 (SW-2),12/4/2014,0.14,0.14,0.213,0.213,1.4,1.4
LP-7 (SW-2),LP-7 (SW-2),6/2/2015,<0.050  ,0.05,<0.23  ,0.23,0.82,0.82
LP-7 (SW-2),LP-7-12082015,12/8/2015,0.063,0.063,<0.100  ,0.1,4.3,4.3
LP-8,LP-8,6/2/2004,0.49,0.49,0.69,0.69,169,169
LP-8,LP-8,6/13/2007,0.44,0.44,1.7,1.7,163,163
LP-8,LP-8,10/10/2007,0.37,0.37,0.23,0.23,26.2,26.2
LP-8,LP-8,2/8/2008,0.35,0.35,5.3 J ,5.3,135,135
LP-8,LP-8,6/11/2008,1.2,1.2,1.2 B ,1.2,83.1,83.1
LP-8,LP-8,10/7/2008,0.53,0.53,0.69,0.69,47,47
LP-8,LP-8,2/10/2009,0.64,0.64,0.92,0.92,69.2,69.2
LP-8,LP-8,6/16/2009,0.23,0.23,0.74,0.74,74.1,74.1
LP-8,LP-8,12/14/2009,<0.20  ,0.2,1.7,1.7,98.6,98.6
LP-8,LP-8,6/15/2010,0.63,0.63,1.1,1.1,94.8,94.8
LP-8,LP-8,12/7/2010,<0.20  ,0.2,0.5,0.5,35.7,35.7
LP-8,LP-8,6/15/2011,0.29,0.29,0.69,0.69,87.3,87.3
LP-8,LP-8,12/6/2011,0.35,0.35,0.66,0.66,45.1,45.1
LP-8,LP-8,6/12/2012,0.29,0.29,<0.10  ,0.1,10.4,10.4
LP-8,LP-8,12/4/2012,<0.20  ,0.2,<0.20  ,0.2,46,46
LP-8,LP-8,6/11/2013,0.1,0.1,0.27,0.27,84,84
LP-8,LP-8,12/10/2013,< NS ,,< NS ,,< NS ,
LP-8,LP-8 (B),6/18/2014,<0.25  ,0.25,0.15,0.15,15,15
LP-8,LP-8 (S),6/18/2014,<0.25  ,0.25,0.14,0.14,14,14
LP-8,LP-8,12/4/2014,0.16,0.16,0.193,0.193,49,49
LP-8,LP-8,6/3/2015,0.13,0.13,0.132,0.132,63,63
LP-8,LP-8-12082015,12/8/2015,0.11,0.11,0.335,0.335,36,36
LP-8,LP-8-06072016,6/7/2016,0.17 J ,0.17,0.153,0.153,20 J ,20
LP-8,LP8-12132016-1335,12/13/2016,0.069,0.069,0.185,0.185,29,29
LP-8,LP-8-06062017,6/6/2017,0.24,0.24,0.477,0.477,31,31
LP-8,LP-8-12122017,12/12/2017,0.14,0.14,<0.100  ,0.1,24,24
LP-8,LP-8-12042018,12/4/2018,0.071,0.071,<0.100  ,0.1,34,34
LP-8,LP-8-12102019,12/10/2019,0.033 J ,0.033,<0.100  ,0.1,51,51
LP-8,LP-8-120820,12/8/2020,<0.050 J ,0.05,0.591,0.591,21.1,21.1
LP-8,LP-8-120721,12/7/2021,0.099,0.099,0.403,0.403,33.7 J ,33.7
LP-8,LP-8-120622,12/6/2022,0.29,0.29,0.459,0.459,25.3,25.3
LP-8,LP-8-12052023,12/5/2023,<0.200  ,0.2,0.0533 J ,0.0533,9.17,9.17
LP-8,LP-8-12042024,12/4/2024,<0.200  ,0.2,0.25,0.25,19,19
LP-9,LP-9,6/2/2004,0.61,0.61,4.2,4.2,723,723
LP-9,LP-9,6/13/2007,0.53,0.53,1.8,1.8,163,163
LP-9,LP-9,10/10/2007,0.5,0.5,0.44,0.44,61.3,61.3
LP-9,LP-9,2/8/2008,0.5,0.5,5.5 J ,5.5,152,152
LP-9,LP-9,6/11/2008,2.3,2.3,1.2 B ,1.2,87.5,87.5
LP-9,LP-9,10/7/2008,0.44,0.44,0.68,0.68,49.9,49.9
LP-9,LP-9,2/10/2009,0.74,0.74,2.1,2.1,68.3,68.3
LP-9,LP-9,6/16/2009,0.23,0.23,0.76,0.76,81.9,81.9
LP-10,LP-10,6/3/2004,0.12 B ,0.12,<0.10  ,0.1,<1.0  ,1
LP-11,LP-11,6/13/2007,0.095 J ,0.095,0.33,0.33,36.9,36.9
LP-11,LP-11,10/10/2007,<0.20  ,0.2,<0.10  ,0.1,<4.0  ,4
LP-11,LP-11,2/8/2008,<0.20  ,0.2,<10  ,10,<8.0  ,8
LP-11,LP-11,6/11/2008,0.57,0.57,0.89 B ,0.89,43.8,43.8
LP-11,LP-11,10/7/2008,<0.20  ,0.2,<0.10  ,0.1,<8.0  ,8
LP-11,LP-11,2/10/2009,<0.20  ,0.2,0.11,0.11,<8.0  ,8
LP-11,LP-11,6/16/2009,<0.20  ,0.2,0.16,0.16,14.3,14.3
LP-11,LP-11,12/14/2009,<0.20  ,0.2,0.11,0.11,<4.0  ,4
LP-11,LP-11,6/15/2010,0.28,0.28,0.41,0.41,28.6,28.6
LP-11,LP-11,12/7/2010,<0.20  ,0.2,<0.10  ,0.1,<4.0  ,4
LP-11,LP-11,6/15/2011,0.44,0.44,<0.20  ,0.2,6.1,6.1
LP-11,LP-11,12/6/2011,<0.20  ,0.2,3.7,3.7,<4.0  ,4
LP-11,LP-11,6/12/2012,0.21,0.21,<0.10  ,0.1,<4.0  ,4
LP-11,LP-11,12/4/2012,<0.20  ,0.2,<0.20  ,0.2,<20  ,20
LP-11,LP-11,6/11/2013,0.11,0.11,<0.10  ,0.1,20,20
LP-11,LP-11,12/10/2013,< NS ,,< NS ,,< NS ,
LP-11,LP-11 (B),6/18/2014,<0.25  ,0.25,<0.10  ,0.1,0.91,0.91
LP-11,LP-11 (S),6/18/2014,<0.25  ,0.25,<0.10  ,0.1,1.2,1.2
LP-11,LP-11,12/5/2014,0.27,0.27,0.191,0.191,14,14
LP-11,LP-11,6/2/2015,<0.050  ,0.05,<0.23  ,0.23,52,52
LP-11,LP-11-12082015,12/8/2015,0.042 J ,0.042,0.34,0.34,15,15
LP-11,LP-11-06072016,6/7/2016,0.17 J ,0.17,0.224,0.224,<40  ,40
LP-11,LP11-12132016-1300,12/13/2016,0.052,0.052,0.176,0.176,1,1
LP-11,LP-11-06062017,6/6/2017,0.17,0.17,0.545,0.545,19,19
LP-11,LP-11-12122017,12/12/2017,0.14,0.14,<0.100  ,0.1,0.69,0.69
LP-11,LP-11-12042018,12/4/2018,0.072,0.072,<0.100  ,0.1,0.54,0.54
LP-11,LP-11-12102019,12/10/2019,0.056,0.056,<0.100  ,0.1,24,24
LP-11,LP-11-120820,12/8/2020,0.3,0.3,0.21,0.21,<0.200  ,0.2
LP-11,LP-11-120721,12/7/2021,0.061,0.061,0.155 J ,0.155,0.171 J ,0.171
LP-11,LP-11-120622,12/6/2022,<0.050  ,0.05,<0.100  ,0.1,<0.100  ,0.1
LP-11,LP-11-12052023,12/5/2023,0.101 J ,0.101,0.0361 J ,0.0361,0.0546 J ,0.0546
LP-11,LP-11-12042024,12/4/2024,<0.200  ,0.2,<0.100  ,0.1,<0.5  ,0.5
LP-12,LP-12,6/13/2007,0.98,0.98,1.7,1.7,163,163
LP-12,LP-12,10/10/2007,0.38,0.38,0.2,0.2,23.6,23.6
LP-12,LP-12,2/8/2008,0.41,0.41,5.3 J ,5.3,136,136
LP-12,LP-12,6/11/2008,1.1,1.1,1.2 B ,1.2,72.6,72.6
LP-12,LP-12,10/7/2008,0.52,0.52,0.69,0.69,48.4,48.4
LP-12,LP-12,2/10/2009,0.48,0.48,0.87,0.87,66.9,66.9
LP-12,LP-12,6/16/2009,0.3,0.3,0.65,0.65,72,72
LP-12,LP-12,12/14/2009,0.28,0.28,1.7,1.7,94.3,94.3
LP-12,LP-12,6/15/2010,0.47,0.47,1,1,89.8,89.8
LP-12,LP-12,12/7/2010,<0.20  ,0.2,0.49,0.49,34.6,34.6
LP-12,LP-12,6/15/2011,0.37,0.37,0.61,0.61,86.1,86.1
LP-12,LP-12,12/6/2011,<0.20  ,0.2,0.59,0.59,43.1,43.1
LP-12,LP-12,6/12/2012,0.24,0.24,<0.10  ,0.1,12.4,12.4
LP-12,LP-12,12/4/2012,<0.20  ,0.2,<0.20  ,0.2,38,38
LP-12,LP-12,6/11/2013,0.13,0.13,0.26,0.26,79,79
LP-12,LP-12,12/10/2013,< NS ,,< NS ,,< NS ,
LP-12,LP-12 (B),6/18/2014,<0.25  ,0.25,0.16,0.16,14,14
LP-12,LP-12 (S),6/18/2014,<0.25  ,0.25,0.14,0.14,13,13
LP-12,LP-12,12/5/2014,0.14,0.14,0.18,0.18,44,44
LP-12,LP-12,6/2/2015,<0.050  ,0.05,<0.23  ,0.23,54,54
LP-12,LP-12-12082015,12/8/2015,0.072,0.072,0.362,0.362,30 J ,30
LP-12,LP-12-06072016,6/7/2016,0.19 J ,0.19,0.182,0.182,16 J ,16
LP-12,LP12-12132016-1315,12/13/2016,0.066,0.066,0.173,0.173,25,25
LP-12,LP-12-06062017,6/6/2017,0.23,0.23,0.577,0.577,31,31
LP-12,LP-12-12122017,12/12/2017,0.11,0.11,<0.100  ,0.1,25,25
LP-12,LP-12-12042018,12/4/2018,0.074,0.074,<0.100  ,0.1,34,34
LP-12,LP-12-12102019,12/10/2019,0.047 J ,0.047,<0.100  ,0.1,50,50
LP-12,LP-12-120820,12/8/2020,0.14,0.14,0.582,0.582,21.5,21.5
LP-12,LP-12-120721,12/7/2021,0.063,0.063,0.366,0.366,33.2 J ,33.2
LP-12,LP-12-120622,12/6/2022,<0.050  ,0.05,0.373,0.373,20.1,20.1
LP-12,LP-12-12052023,12/5/2023,<0.200  ,0.2,0.0469 J ,0.0469,8.08,8.08
LP-12,LP-12-12042024,12/4/2024,<0.200  ,0.2,0.233,0.233,21,21
LP-13,LP-13,12/14/2009,4.3,4.3,28,28,2320,2320
LP-13,LP-13,6/15/2010,1.3,1.3,17,17,2400,2400
LP-13,LP-13,12/7/2010,0.45,0.45,2.2,2.2,225,225
LP-13,LP-13,6/15/2011,0.87,0.87,5.4,5.4,828,828
LP-13,LP-13,12/6/2011,0.67,0.67,9.4,9.4,941,941
LP-13,LP-13,6/12/2012,0.44,0.44,<0.10  ,0.1,57.5,57.5
LP-13,LP-13,12/4/2012,2,2,95,95,7700,7700
LP-13,LP-13,6/11/2013,0.51,0.51,0.74,0.74,240,240
LP-13,LP-13,12/10/2013,0.11,0.11,0.87,0.87,170,170
LP-13,LP-13 (B),6/19/2014,0.28,0.28,9.1,9.1,2300,2300
LP-13,LP-13 (S),6/19/2014,<0.25  ,0.25,9.5,9.5,2400,2400
LP-13,LP-13,12/4/2014,0.16,0.16,2.67,2.67,390,390
LP-13,LP-13,6/4/2015,0.15,0.15,6.38,6.38,1700,1700
LP-13,LP-13-12082015,12/8/2015,0.47,0.47,1.03,1.03,33,33
LP-13,LP-13-06072016,6/7/2016,0.46 J ,0.46,32.1,32.1,6600 J ,6600
LP-13,LP13-12132016-1505,12/13/2016,0.086,0.086,9.4,9.4,1200,1200
LP-13,LP-13-06062017,6/6/2017,0.68,0.68,16.4,16.4,3200,3200
LP-13,LP-13-12132017,12/13/2017,0.19,0.19,9.33,9.33,1300,1300
LP-13,LP-13-12042018,12/4/2018,0.36,0.36,17.6,17.6,2500,2500
LP-13,LP-13-12102019,12/10/2019,0.15,0.15,14.6,14.6,2600,2600
LP-13,LP-13-120820,12/8/2020,0.23,0.23,26.1,26.1,3520,3520
LP-13,LP-13-120721,12/7/2021,0.075,0.075,0.393,0.393,252 J ,252
LP-13,LP-13-120622,12/6/2022,0.075,0.075,5.74,5.74,790,790
LP-13,LP-13-12052023,12/5/2023,<0.200  ,0.2,87.3,87.3,10800,10800
LP-13,LP-13-12042024,12/4/2024,<0.200  ,0.2,0.234,0.234,42,42
LP-BG,LP-BG-06072016,6/7/2016,0.15 J ,0.15,<0.100  ,0.1,<40  ,40
LP-BG,LP-BG-12132016-1410,12/13/2016,0.28,0.28,0.253,0.253,<0.20  ,0.2
LP-BG,LP-BG-06062017,6/6/2017,0.14,0.14,<0.100  ,0.1,<0.20  ,0.2
LP-BG,LP-BG-12122017,12/12/2017,0.18,0.18,0.675,0.675,<0.20  ,0.2
LP-BG,LP-BG-12042018,12/4/2018,0.24,0.24,0.434,0.434,<0.20  ,0.2
LP-BG,LP-BG-12102019,12/10/2019,0.14,0.14,<0.100  ,0.1,<0.20  ,0.2
LP-BG,LP-BG-120820,12/8/2020,0.2,0.2,0.294,0.294,<0.100  ,0.1
LP-BG,LP-BG-120721,12/7/2021,0.11,0.11,0.339,0.339,<0.100  ,0.1
LP-BG,LP-BG-120622,12/6/2022,<0.050  ,0.05,0.116,0.116,<0.100  ,0.1
LP-BG,LP-BG-12052023,12/5/2023,<0.200  ,0.2,0.0639 J ,0.0639,<0.100  ,0.1
LP-BG,LP-BG-12042024,12/4/2024,0.125 J ,0.125,<0.100  ,0.1,<0.5  ,0.5
LP-BG (SW-11),LP-BG (SW-11),8/22/2002,<0.10  ,0.1,<0.10  ,0.1,<4.0  ,4
LP-BG (SW-11),LP-BG (SW-11),1/15/2003,0.2,0.2,0.17,0.17,<5.0  ,5
LP-BG (SW-11),LP-BG (SW-11),3/8/2004,0.61,0.61,0.39,0.39,<4.0  ,4
LP-BG (SW-11),LP-BG (SW-11),6/1/2004,0.24,0.24,<0.10  ,0.1,<2.0  ,2
LP-BG (SW-11),LP-BG (SW-11),9/9/2004,0.15 B ,0.15,0.44 B ,0.44,<1.0  ,1
LP-BG (SW-11),LP-BG (SW-11),12/7/2004,0.19 B ,0.19,0.2,0.2,<1.0  ,1
LP-BG (SW-11),LP-BG (SW-11),6/28/2005,<0.20  ,0.2,<0.10  ,0.1,<1.0  ,1
LP-BG (SW-11),LP-BG (SW-11),12/6/2005,<0.20  ,0.2,0.16,0.16,<2.0  ,2
LP-BG (SW-11),LP-BG (SW-11),3/6/2006,<0.20  ,0.2,0.15,0.15,<2.0  ,2
LP-BG (SW-11),LP-BG (SW-11),9/7/2006,<0.20  ,0.2,<0.10  ,0.1,<8.0  ,8
LP-BG (SW-11),LP-BG (SW-11),6/12/2007,0.2,0.2,0.1,0.1,<4.0  ,4
LP-BG (SW-11),LP-BG (SW-11),10/10/2007,<0.20  ,0.2,<0.10  ,0.1,<4.0  ,4
LP-BG (SW-11),LP-BG (SW-11),2/8/2008,<0.20  ,0.2,<0.10  ,0.1,<8.0  ,8
LP-BG (SW-11),LP-BG (SW-11),6/11/2008,0.12 J ,0.12,0.083 JB ,0.083,<4.0  ,4
LP-BG (SW-11),LP-BG (SW-11),10/7/2008,<0.20  ,0.2,<0.10  ,0.1,<8.0  ,8
LP-BG (SW-11),LP-BG (SW-11),2/10/2009,<0.20  ,0.2,0.25,0.25,<8.0  ,8
LP-BG (SW-11),LP-BG (SW-11),6/16/2009,<0.20  ,0.2,<0.10  ,0.1,<8.0  ,8
LP-BG (SW-11),LP-BG (SW-11),12/14/2009,<0.20  ,0.2,0.2,0.2,<4.0  ,4
LP-BG (SW-11),LP-BG (SW-11),6/15/2010,0.3,0.3,<0.10  ,0.1,<4.0  ,4
LP-BG (SW-11),LP-BG (SW-11),12/7/2010,0.32,0.32,0.25,0.25,<4.0  ,4
LP-BG (SW-11),LP-BG (SW-11),6/15/2011,<0.20  ,0.2,<0.20  ,0.2,<4.0  ,4
LP-BG (SW-11),LP-BG (SW-11),12/6/2011,<0.20  ,0.2,0.17,0.17,<4.0  ,4
LP-BG (SW-11),LP-BG (SW-11),6/12/2012,<0.20  ,0.2,<0.10  ,0.1,<4.0  ,4
LP-BG (SW-11),LP-BG (SW-11),12/4/2012,<0.20  ,0.2,<0.20  ,0.2,20,20
LP-BG (SW-11),LP-BG (SW-11),6/11/2013,0.12,0.12,<0.10  ,0.1,<0.50 J ,0.5
LP-BG (SW-11),LP-BG (SW-11),12/10/2013,< NS ,,< NS ,,< NS ,
LP-BG (SW-11),LP-BG (SW-11) (B),6/18/2014,<0.25  ,0.25,<0.10  ,0.1,<0.50  ,0.5
LP-BG (SW-11),LP-BG (SW-11) (S),6/18/2014,<0.25  ,0.25,<0.10  ,0.1,<0.50  ,0.5
LP-BG (SW-11),LP-BG (SW-11),12/5/2014,0.11,0.11,0.201,0.201,<0.20  ,0.2
LP-BG (SW-11),LP-BG (SW-11),6/2/2015,<0.050  ,0.05,<0.23  ,0.23,<0.20  ,0.2
LP-BG (SW-11),LP-BG-12082015,12/8/2015,0.045 J ,0.045,0.542,0.542,<0.06  ,0.06
LP-SEF-POND,LP-SEF-POND,9/20/2011,0.67,0.67,0.11,0.11,<4.0  ,4
SW-3,SW-3,1/15/2003,0.2,0.2,0.087,0.087,<5.0  ,5
SW-4,SW-4,1/15/2003,0.11,0.11,0.058,0.058,<7.0  ,7
SW-5,SW-5,1/15/2003,0.16,0.16,0.1,0.1,<5.0  ,5
SW-6,SW-6,1/15/2003,0.2,0.2,0.11,0.11,<5.0  ,5
SW-7,SW-7,1/15/2003,0.2,0.2,0.16,0.16,<7.0  ,7
SW-8,SW-8,1/15/2003,0.15,0.15,0.083,0.083,<0.02  ,0.02
SW-10,SW-10,1/15/2003,0.24,0.24,0.21,0.21,<5.0  ,5
